algorithm,seed,failure_rate,failed_agents,success,iterations,tasks_completed,total_distance,productive_agents,surviving_agents,distance_per_task,distance_per_surviving_agent,tasks_per_surviving_agent
greedy,0,0.0,0,True,12,20,489.9978327001607,9,15,24.499891635008034,32.666522180010716,1.3333333333333333
greedy,1,0.0,0,True,8,20,329.08069074301534,11,15,16.45403453715077,21.93871271620102,1.3333333333333333
greedy,2,0.0,0,True,6,20,238.413277748346,13,15,11.9206638874173,15.8942185165564,1.3333333333333333
greedy,3,0.0,0,True,9,20,366.3047919646601,12,15,18.315239598233006,24.420319464310676,1.3333333333333333
greedy,4,0.0,0,True,9,20,355.0190929050725,12,15,17.750954645253625,23.667939527004833,1.3333333333333333
greedy,5,0.0,0,True,6,20,240.53558540727136,11,15,12.026779270363567,16.03570569381809,1.3333333333333333
greedy,6,0.0,0,True,10,20,406.75254966692125,11,15,20.33762748334606,27.11683664446142,1.3333333333333333
greedy,7,0.0,0,True,7,20,283.5546374547497,12,15,14.177731872737485,18.903642496983313,1.3333333333333333
greedy,8,0.0,0,True,10,20,411.5333013067861,10,15,20.576665065339306,27.435553420452404,1.3333333333333333
greedy,9,0.0,0,True,7,20,284.34370334545906,9,15,14.217185167272953,18.956246889697272,1.3333333333333333
greedy,10,0.0,0,True,11,20,446.2369900140091,8,15,22.311849500700454,29.74913266760061,1.3333333333333333
greedy,11,0.0,0,True,10,20,408.9611558258176,12,15,20.448057791290882,27.264077055054507,1.3333333333333333
greedy,12,0.0,0,True,12,20,492.3103569168883,9,15,24.615517845844415,32.820690461125885,1.3333333333333333
greedy,13,0.0,0,True,11,20,446.3628506037263,13,15,22.318142530186314,29.757523373581755,1.3333333333333333
greedy,14,0.0,0,True,6,20,236.0311231833332,11,15,11.80155615916666,15.735408212222213,1.3333333333333333
greedy,15,0.0,0,True,14,20,569.3923366215222,10,15,28.46961683107611,37.95948910810148,1.3333333333333333
greedy,16,0.0,0,True,8,20,321.5725343215938,11,15,16.07862671607969,21.438168954772923,1.3333333333333333
greedy,17,0.0,0,True,6,20,242.7245198290606,10,15,12.13622599145303,16.181634655270706,1.3333333333333333
greedy,18,0.0,0,True,9,20,365.7094463327935,11,15,18.285472316639677,24.380629755519568,1.3333333333333333
greedy,19,0.0,0,True,10,20,409.7525697307253,9,15,20.487628486536266,27.316837982048355,1.3333333333333333
greedy,20,0.0,0,True,9,20,368.1103181429926,12,15,18.405515907149628,24.540687876199506,1.3333333333333333
greedy,21,0.0,0,True,6,20,235.17010183295776,11,15,11.758505091647887,15.67800678886385,1.3333333333333333
greedy,22,0.0,0,True,10,20,400.7254836334412,11,15,20.03627418167206,26.715032242229412,1.3333333333333333
greedy,23,0.0,0,True,7,20,284.7505149211843,11,15,14.237525746059214,18.983367661412284,1.3333333333333333
greedy,24,0.0,0,True,8,20,327.672134371951,9,15,16.38360671859755,21.844808958130066,1.3333333333333333
greedy,25,0.0,0,True,8,20,326.45960733499146,10,15,16.322980366749572,21.763973822332765,1.3333333333333333
greedy,26,0.0,0,True,6,20,244.8044777084248,11,15,12.24022388542124,16.320298513894986,1.3333333333333333
greedy,27,0.0,0,True,7,20,281.0669064148477,12,15,14.053345320742386,18.73779376098985,1.3333333333333333
greedy,28,0.0,0,True,6,20,242.7552535186847,11,15,12.137762675934235,16.183683567912315,1.3333333333333333
greedy,29,0.0,0,True,9,20,368.136714781892,13,15,18.4068357390946,24.542447652126135,1.3333333333333333
fixed_pso,0,0.0,0,True,15,20,610.2629011217749,11,15,30.513145056088746,40.684193408118325,1.3333333333333333
fixed_pso,1,0.0,0,True,8,20,324.762180611516,11,15,16.2381090305758,21.650812040767732,1.3333333333333333
fixed_pso,2,0.0,0,True,7,20,268.6170757394249,14,15,13.430853786971245,17.907805049294993,1.3333333333333333
fixed_pso,3,0.0,0,True,14,20,557.0985526513896,11,15,27.854927632569478,37.13990351009264,1.3333333333333333
fixed_pso,4,0.0,0,True,9,20,349.6223326500878,13,15,17.48111663250439,23.308155510005854,1.3333333333333333
fixed_pso,5,0.0,0,True,8,20,319.0890846919772,12,15,15.95445423459886,21.27260564613181,1.3333333333333333
fixed_pso,6,0.0,0,True,11,20,444.19462556418046,12,15,22.209731278209023,29.61297503761203,1.3333333333333333
fixed_pso,7,0.0,0,True,8,20,312.2458875520592,12,15,15.612294377602959,20.816392503470613,1.3333333333333333
fixed_pso,8,0.0,0,True,13,20,520.4469185176716,14,15,26.02234592588358,34.69646123451144,1.3333333333333333
fixed_pso,9,0.0,0,True,8,20,316.4371233308164,11,15,15.82185616654082,21.095808222054426,1.3333333333333333
fixed_pso,10,0.0,0,True,12,20,477.696110405141,12,15,23.88480552025705,31.84640736034273,1.3333333333333333
fixed_pso,11,0.0,0,True,12,20,470.8780867574207,11,15,23.543904337871034,31.391872450494713,1.3333333333333333
fixed_pso,12,0.0,0,True,11,20,447.0603027406213,9,15,22.353015137031065,29.804020182708086,1.3333333333333333
fixed_pso,13,0.0,0,True,12,20,478.43724013961247,13,15,23.921862006980625,31.8958160093075,1.3333333333333333
fixed_pso,14,0.0,0,True,7,20,268.5981491211601,11,15,13.429907456058004,17.906543274744006,1.3333333333333333
fixed_pso,15,0.0,0,True,14,20,553.2940960891751,9,15,27.664704804458758,36.88627307261167,1.3333333333333333
fixed_pso,16,0.0,0,True,11,20,431.1589231282357,12,15,21.557946156411784,28.743928208549047,1.3333333333333333
fixed_pso,17,0.0,0,True,8,20,304.95524368227206,11,15,15.247762184113602,20.330349578818137,1.3333333333333333
fixed_pso,18,0.0,0,True,13,20,522.7303442596736,10,15,26.136517212983684,34.84868961731158,1.3333333333333333
fixed_pso,19,0.0,0,True,11,20,446.8481226492072,9,15,22.34240613246036,29.78987484328048,1.3333333333333333
fixed_pso,20,0.0,0,True,10,20,403.04351990849045,11,15,20.15217599542452,26.869567993899363,1.3333333333333333
fixed_pso,21,0.0,0,True,6,20,234.21353859617585,12,15,11.710676929808793,15.614235906411723,1.3333333333333333
fixed_pso,22,0.0,0,True,11,20,431.8273891298273,12,15,21.591369456491364,28.78849260865515,1.3333333333333333
fixed_pso,23,0.0,0,True,8,20,315.73193193737427,12,15,15.786596596868714,21.04879546249162,1.3333333333333333
fixed_pso,24,0.0,0,True,12,20,478.36205167948793,10,15,23.918102583974395,31.890803445299195,1.3333333333333333
fixed_pso,25,0.0,0,True,8,20,310.79488307280127,11,15,15.539744153640063,20.719658871520085,1.3333333333333333
fixed_pso,26,0.0,0,True,6,20,236.8910170111185,11,15,11.844550850555924,15.7927344674079,1.3333333333333333
fixed_pso,27,0.0,0,True,9,20,350.50035833413904,11,15,17.52501791670695,23.36669055560927,1.3333333333333333
fixed_pso,28,0.0,0,True,10,20,397.0373981400398,12,15,19.85186990700199,26.469159876002653,1.3333333333333333
fixed_pso,29,0.0,0,True,9,20,358.69368566138337,10,15,17.934684283069167,23.91291237742556,1.3333333333333333
dynamic_pso,0,0.0,0,True,15,20,605.8300912157504,11,15,30.29150456078752,40.38867274771669,1.3333333333333333
dynamic_pso,1,0.0,0,True,10,20,396.984076257028,10,15,19.8492038128514,26.465605083801865,1.3333333333333333
dynamic_pso,2,0.0,0,True,7,20,263.3534785520416,14,15,13.167673927602081,17.55689857013611,1.3333333333333333
dynamic_pso,3,0.0,0,True,15,20,590.9005025332636,10,15,29.545025126663184,39.39336683555091,1.3333333333333333
dynamic_pso,4,0.0,0,True,9,20,348.08221012930983,13,15,17.404110506465493,23.205480675287323,1.3333333333333333
dynamic_pso,5,0.0,0,True,8,20,307.91189455727624,12,15,15.395594727863813,20.52745963715175,1.3333333333333333
dynamic_pso,6,0.0,0,True,11,20,432.77927604535,13,15,21.6389638022675,28.851951736356668,1.3333333333333333
dynamic_pso,7,0.0,0,True,9,20,346.5844161326442,13,15,17.32922080663221,23.10562774217628,1.3333333333333333
dynamic_pso,8,0.0,0,True,14,20,552.5946957710701,12,15,27.629734788553503,36.839646384738,1.3333333333333333
dynamic_pso,9,0.0,0,True,10,20,390.0449977621038,11,15,19.50224988810519,26.00299985080692,1.3333333333333333
dynamic_pso,10,0.0,0,True,12,20,473.6567243466218,12,15,23.68283621733109,31.577114956441452,1.3333333333333333
dynamic_pso,11,0.0,0,True,12,20,466.21460671257694,11,15,23.310730335628847,31.080973780838463,1.3333333333333333
dynamic_pso,12,0.0,0,True,10,20,396.73913691913486,9,15,19.836956845956742,26.44927579460899,1.3333333333333333
dynamic_pso,13,0.0,0,True,12,20,472.336947714704,13,15,23.616847385735202,31.489129847646936,1.3333333333333333
dynamic_pso,14,0.0,0,True,7,20,266.5354029368625,11,15,13.326770146843126,17.7690268624575,1.3333333333333333
dynamic_pso,15,0.0,0,True,14,20,546.5125723447816,10,15,27.32562861723908,36.43417148965211,1.3333333333333333
dynamic_pso,16,0.0,0,True,11,20,429.7130269983379,12,15,21.485651349916896,28.647535133222526,1.3333333333333333
dynamic_pso,17,0.0,0,True,8,20,300.9965519715706,12,15,15.049827598578531,20.066436798104707,1.3333333333333333
dynamic_pso,18,0.0,0,True,13,20,524.0620590122933,11,15,26.203102950614664,34.93747060081955,1.3333333333333333
dynamic_pso,19,0.0,0,True,12,20,479.4884848613934,9,15,23.97442424306967,31.96589899075956,1.3333333333333333
dynamic_pso,20,0.0,0,True,10,20,399.8190299302655,11,15,19.990951496513276,26.654601995351033,1.3333333333333333
dynamic_pso,21,0.0,0,True,6,20,229.3194530984017,11,15,11.465972654920085,15.287963539893447,1.3333333333333333
dynamic_pso,22,0.0,0,True,11,20,427.1112114239874,13,15,21.35556057119937,28.47408076159916,1.3333333333333333
dynamic_pso,23,0.0,0,True,9,20,354.0928957676008,12,15,17.70464478838004,23.606193051173385,1.3333333333333333
dynamic_pso,24,0.0,0,True,12,20,473.16070308562064,9,15,23.65803515428103,31.54404687237471,1.3333333333333333
dynamic_pso,25,0.0,0,True,8,20,303.6510576375283,11,15,15.182552881876415,20.243403842501888,1.3333333333333333
dynamic_pso,26,0.0,0,True,6,20,235.3802740470153,13,15,11.769013702350765,15.69201826980102,1.3333333333333333
dynamic_pso,27,0.0,0,True,10,20,385.2715234477872,10,15,19.26357617238936,25.68476822985248,1.3333333333333333
dynamic_pso,28,0.0,0,True,8,20,313.6397083347382,12,15,15.68198541673691,20.909313888982545,1.3333333333333333
dynamic_pso,29,0.0,0,True,10,20,394.1888299801647,10,15,19.709441499008236,26.27925533201098,1.3333333333333333
greedy,0,0.2,3,True,12,20,416.1673493232973,9,12,20.808367466164864,34.680612443608105,1.6666666666666667
greedy,1,0.2,3,True,8,20,287.8247590081606,11,12,14.39123795040803,23.985396584013383,1.6666666666666667
greedy,2,0.2,3,True,6,20,213.213277748346,13,12,10.6606638874173,17.7677731456955,1.6666666666666667
greedy,3,0.2,3,True,9,20,315.9047919646601,12,12,15.795239598233005,26.32539933038834,1.6666666666666667
greedy,4,0.2,3,True,9,20,305.43384020141207,12,12,15.271692010070604,25.45282001678434,1.6666666666666667
greedy,5,0.2,3,True,6,20,215.33558540727137,11,12,10.766779270363568,17.944632117272615,1.6666666666666667
greedy,6,0.2,3,True,11,20,379.627636614247,10,12,18.98138183071235,31.635636384520584,1.6666666666666667
greedy,7,0.2,3,True,7,20,250.9092798427734,12,12,12.54546399213867,20.90910665356445,1.6666666666666667
greedy,8,0.2,3,True,10,20,353.04442572672656,10,12,17.652221286336328,29.420368810560547,1.6666666666666667
greedy,9,0.2,3,True,9,20,317.9437033454591,9,12,15.897185167272955,26.49530861212159,1.6666666666666667
greedy,10,0.2,3,True,11,20,383.3435048666219,8,12,19.167175243331094,31.945292072218493,1.6666666666666667
greedy,11,0.2,3,True,10,20,350.1742017650363,11,12,17.508710088251814,29.18118348041969,1.6666666666666667
greedy,12,0.2,3,True,12,20,418.123590848092,8,12,20.9061795424046,34.84363257067434,1.6666666666666667
greedy,13,0.2,3,True,11,20,379.81116138471685,13,12,18.990558069235842,31.65093011539307,1.6666666666666667
greedy,14,0.2,3,True,10,20,346.7990499870724,11,12,17.339952499353622,28.899920832256033,1.6666666666666667
greedy,15,0.2,3,True,14,20,479.2539031650512,11,12,23.96269515825256,39.93782526375427,1.6666666666666667
greedy,16,0.2,3,True,8,20,283.4910865850838,11,12,14.174554329254189,23.62425721542365,1.6666666666666667
greedy,17,0.2,3,True,6,20,217.7948135535976,10,12,10.88974067767988,18.149567796133134,1.6666666666666667
greedy,18,0.2,3,True,11,20,381.715247071273,11,12,19.08576235356365,31.809603922606083,1.6666666666666667
greedy,19,0.2,3,True,10,20,348.90261575199804,9,12,17.4451307875999,29.07521797933317,1.6666666666666667
greedy,20,0.2,3,True,9,20,317.88431546408594,12,12,15.894215773204298,26.490359622007162,1.6666666666666667
greedy,21,0.2,3,True,22,20,735.9133340343851,11,12,36.795666701719256,61.32611116953209,1.6666666666666667
greedy,22,0.2,3,True,10,20,346.58283160257463,11,12,17.32914158012873,28.881902633547885,1.6666666666666667
greedy,23,0.2,3,True,7,20,251.87154906593196,10,12,12.593577453296598,20.98929575549433,1.6666666666666667
greedy,24,0.2,3,True,8,20,287.1209452263072,9,12,14.356047261315359,23.9267454355256,1.6666666666666667
greedy,25,0.2,3,True,8,20,284.4596073349915,10,12,14.222980366749576,23.70496727791596,1.6666666666666667
greedy,26,0.2,3,True,6,20,217.43938947195508,13,12,10.871969473597755,18.119949122662923,1.6666666666666667
greedy,27,0.2,3,True,7,20,247.0477210382025,12,12,12.352386051910125,20.587310086516876,1.6666666666666667
greedy,28,0.2,3,True,6,20,219.34839868644752,12,12,10.967419934322375,18.279033223870627,1.6666666666666667
greedy,29,0.2,3,True,9,20,317.93801463883955,12,12,15.896900731941978,26.49483455323663,1.6666666666666667
fixed_pso,0,0.2,3,True,13,20,448.0085007235841,10,12,22.400425036179207,37.334041726965346,1.6666666666666667
fixed_pso,1,0.2,3,True,9,20,310.9876692220444,10,12,15.54938346110222,25.915639101837034,1.6666666666666667
fixed_pso,2,0.2,3,True,12,20,403.0564052701728,13,12,20.152820263508637,33.5880337725144,1.6666666666666667
fixed_pso,3,0.2,3,True,13,20,431.144974542773,12,12,21.55724872713865,35.928747878564415,1.6666666666666667
fixed_pso,4,0.2,3,True,12,20,397.9573113054583,13,12,19.897865565272916,33.16310927545486,1.6666666666666667
fixed_pso,5,0.2,3,True,8,20,276.4019457779564,12,12,13.820097288897822,23.03349548149637,1.6666666666666667
fixed_pso,6,0.2,3,True,11,20,373.5503509987266,10,12,18.677517549936333,31.12919591656055,1.6666666666666667
fixed_pso,7,0.2,3,True,8,20,269.7137380155495,13,12,13.485686900777475,22.476144834629125,1.6666666666666667
fixed_pso,8,0.2,3,True,12,20,403.9618238377344,12,12,20.19809119188672,33.6634853198112,1.6666666666666667
fixed_pso,9,0.2,3,True,16,20,550.5385912342949,10,12,27.526929561714745,45.878215936191246,1.6666666666666667
fixed_pso,10,0.2,3,True,12,20,407.77154418816247,11,12,20.388577209408123,33.980962015680205,1.6666666666666667
fixed_pso,11,0.2,3,True,13,20,429.1182570118421,11,12,21.455912850592107,35.75985475098684,1.6666666666666667
fixed_pso,12,0.2,3,True,13,20,448.6158773345876,9,12,22.43079386672938,37.384656444548966,1.6666666666666667
fixed_pso,13,0.2,3,True,11,20,373.71258872812496,11,12,18.68562943640625,31.142715727343745,1.6666666666666667
fixed_pso,14,0.2,3,True,10,20,336.38749648162553,11,12,16.819374824081276,28.032291373468794,1.6666666666666667
fixed_pso,15,0.2,3,True,14,20,465.0014129247567,10,12,23.250070646237837,38.750117743729724,1.6666666666666667
fixed_pso,16,0.2,3,True,11,20,368.868727326595,11,12,18.44343636632975,30.739060610549583,1.6666666666666667
fixed_pso,17,0.2,3,True,8,20,268.54846275969135,10,12,13.427423137984567,22.379038563307613,1.6666666666666667
fixed_pso,18,0.2,3,True,12,20,409.4961480483754,10,12,20.47480740241877,34.124679004031286,1.6666666666666667
fixed_pso,19,0.2,3,True,11,20,376.6705137178842,8,12,18.83352568589421,31.38920947649035,1.6666666666666667
fixed_pso,20,0.2,3,True,10,20,344.87316551113594,10,12,17.243658275556797,28.739430459261328,1.6666666666666667
fixed_pso,21,0.2,3,True,22,20,741.4441922479471,12,12,37.07220961239735,61.78701602066226,1.6666666666666667
fixed_pso,22,0.2,3,True,10,20,341.88237538880514,11,12,17.094118769440257,28.490197949067095,1.6666666666666667
fixed_pso,23,0.2,3,True,8,20,271.06066573878167,11,12,13.553033286939083,22.58838881156514,1.6666666666666667
fixed_pso,24,0.2,3,True,12,20,406.0325256091448,8,12,20.30162628045724,33.83604380076206,1.6666666666666667
fixed_pso,25,0.2,3,True,7,20,235.2306860320328,12,12,11.761534301601639,19.602557169336066,1.6666666666666667
fixed_pso,26,0.2,3,True,6,20,212.51217460207943,12,12,10.625608730103972,17.70934788350662,1.6666666666666667
fixed_pso,27,0.2,3,True,9,20,304.6980276905331,10,12,15.234901384526655,25.391502307544425,1.6666666666666667
fixed_pso,28,0.2,3,True,8,20,278.2031236166173,11,12,13.910156180830864,23.183593634718108,1.6666666666666667
fixed_pso,29,0.2,3,True,11,20,374.3956192712996,12,12,18.71978096356498,31.19963493927497,1.6666666666666667
dynamic_pso,0,0.2,3,True,13,20,444.04103302557553,10,12,22.202051651278776,37.00341941879796,1.6666666666666667
dynamic_pso,1,0.2,3,True,9,20,306.8862935638303,10,12,15.344314678191514,25.57385779698586,1.6666666666666667
dynamic_pso,2,0.2,3,True,11,20,371.5681509114723,13,12,18.578407545573615,30.964012575956023,1.6666666666666667
dynamic_pso,3,0.2,3,True,12,20,400.0291915543664,11,12,20.001459577718318,33.33576596286387,1.6666666666666667
dynamic_pso,4,0.2,3,True,11,20,367.2700800369941,13,12,18.363504001849705,30.605840003082843,1.6666666666666667
dynamic_pso,5,0.2,3,True,8,20,272.16844803092977,12,12,13.608422401546488,22.68070400257748,1.6666666666666667
dynamic_pso,6,0.2,3,True,11,20,367.4278609476996,11,12,18.37139304738498,30.6189884123083,1.6666666666666667
dynamic_pso,7,0.2,3,True,7,20,234.89001561063031,13,12,11.744500780531515,19.574167967552526,1.6666666666666667
dynamic_pso,8,0.2,3,True,14,20,467.644381495827,12,12,23.38221907479135,38.970365124652254,1.6666666666666667
dynamic_pso,9,0.2,3,True,17,20,576.7503329934833,10,12,28.837516649674164,48.06252774945694,1.6666666666666667
dynamic_pso,10,0.2,3,True,12,20,405.5546819669577,11,12,20.277734098347885,33.79622349724647,1.6666666666666667
dynamic_pso,11,0.2,3,True,13,20,424.6145777315982,11,12,21.23072888657991,35.38454814429985,1.6666666666666667
dynamic_pso,12,0.2,3,True,13,20,445.31499552488833,9,12,22.265749776244416,37.10958296040736,1.6666666666666667
dynamic_pso,13,0.2,3,True,11,20,366.75940212261673,11,12,18.337970106130836,30.56328351021806,1.6666666666666667
dynamic_pso,14,0.2,3,True,10,20,334.2494990773525,11,12,16.712474953867623,27.854124923112707,1.6666666666666667
dynamic_pso,15,0.2,3,True,14,20,464.41795895978566,10,12,23.220897947989283,38.70149657998214,1.6666666666666667
dynamic_pso,16,0.2,3,True,11,20,365.2382570892504,11,12,18.26191285446252,30.4365214241042,1.6666666666666667
dynamic_pso,17,0.2,3,True,8,20,266.5232485002199,11,12,13.326162425010995,22.210270708351658,1.6666666666666667
dynamic_pso,18,0.2,3,True,12,20,406.3376372653864,11,12,20.31688186326932,33.861469772115534,1.6666666666666667
dynamic_pso,19,0.2,3,True,11,20,370.66556047170735,9,12,18.533278023585368,30.88879670597561,1.6666666666666667
dynamic_pso,20,0.2,3,True,9,20,302.9221734744195,10,12,15.146108673720974,25.243514456201623,1.6666666666666667
dynamic_pso,21,0.2,3,True,22,20,738.217687882339,12,12,36.91088439411695,61.51814065686158,1.6666666666666667
dynamic_pso,22,0.2,3,True,10,20,338.9260307457884,11,12,16.946301537289422,28.243835895482366,1.6666666666666667
dynamic_pso,23,0.2,3,True,8,20,269.754730067458,12,12,13.4877365033729,22.479560838954836,1.6666666666666667
dynamic_pso,24,0.2,3,True,12,20,403.3582869983561,8,12,20.167914349917805,33.61319058319634,1.6666666666666667
dynamic_pso,25,0.2,3,True,7,20,231.7915788172497,12,12,11.589578940862484,19.315964901437475,1.6666666666666667
dynamic_pso,26,0.2,3,True,6,20,207.6707104076781,12,12,10.383535520383905,17.305892533973175,1.6666666666666667
dynamic_pso,27,0.2,3,True,9,20,302.01009807385736,10,12,15.100504903692869,25.167508172821446,1.6666666666666667
dynamic_pso,28,0.2,3,True,8,20,275.6772484096138,10,12,13.783862420480691,22.973104034134483,1.6666666666666667
dynamic_pso,29,0.2,3,True,11,20,370.6135860495031,13,12,18.530679302475157,30.88446550412526,1.6666666666666667
greedy,0,0.4,6,True,12,20,343.6343002764946,8,9,17.181715013824732,38.18158891961051,2.2222222222222223
greedy,1,0.4,6,True,10,20,293.2402128545306,12,9,14.662010642726532,32.58224587272562,2.2222222222222223
greedy,2,0.4,6,True,6,20,188.52821698404037,14,9,9.426410849202018,20.947579664893375,2.2222222222222223
greedy,3,0.4,6,True,9,20,265.5047919646601,12,9,13.275239598233005,29.50053244051779,2.2222222222222223
greedy,4,0.4,6,True,9,20,254.2190929050726,12,9,12.710954645253631,28.2465658783414,2.2222222222222223
greedy,5,0.4,6,True,9,20,264.91760614813813,12,9,13.245880307406907,29.43528957201535,2.2222222222222223
greedy,6,0.4,6,True,13,20,368.0881983619564,10,9,18.40440991809782,40.898688706884045,2.2222222222222223
greedy,7,0.4,6,True,15,20,418.60080560360814,12,9,20.930040280180407,46.51120062262313,2.2222222222222223
greedy,8,0.4,6,True,12,20,345.342629126164,10,9,17.2671314563082,38.37140323624045,2.2222222222222223
greedy,9,0.4,6,True,10,20,293.906718438389,9,9,14.695335921919451,32.65630204870989,2.2222222222222223
greedy,10,0.4,6,True,11,20,316.4171640842699,10,9,15.820858204213497,35.15746267602999,2.2222222222222223
greedy,11,0.4,6,True,10,20,291.9590439419451,12,9,14.597952197097253,32.439893771327235,2.2222222222222223
greedy,12,0.4,6,True,12,20,342.5957250787498,9,9,17.12978625393749,38.06619167541665,2.2222222222222223
greedy,13,0.4,6,True,11,20,312.55067267500783,14,9,15.627533633750392,34.727852519445314,2.2222222222222223
greedy,14,0.4,6,True,11,20,313.0286587094276,11,9,15.65143293547138,34.78096207882529,2.2222222222222223
greedy,15,0.4,6,True,14,20,386.63193108680207,10,9,19.331596554340102,42.95910345408912,2.2222222222222223
greedy,16,0.4,6,True,13,20,360.15820161871443,12,9,18.007910080935723,40.017577957634934,2.2222222222222223
greedy,17,0.4,6,True,6,20,192.56756458273716,10,9,9.628378229136858,21.396396064748572,2.2222222222222223
greedy,18,0.4,6,True,12,20,340.2143410465563,10,9,17.010717052327813,37.801593449617364,2.2222222222222223
greedy,19,0.4,6,True,12,20,340.666763509013,9,9,17.03333817545065,37.851862612112555,2.2222222222222223
greedy,20,0.4,6,True,17,20,468.5095084916831,11,9,23.425475424584157,52.05661205463146,2.2222222222222223
greedy,21,0.4,6,True,16,20,436.70054527174335,10,9,21.83502726358717,48.522282807971486,2.2222222222222223
greedy,22,0.4,6,True,13,20,364.769383683218,10,9,18.2384691841609,40.52993152035756,2.2222222222222223
greedy,23,0.4,6,True,12,20,343.1848701879279,11,9,17.159243509396397,38.131652243103105,2.2222222222222223
greedy,24,0.4,6,True,10,20,294.6902070178148,11,9,14.73451035089074,32.74335633531276,2.2222222222222223
greedy,25,0.4,6,True,9,20,269.2195173717499,11,9,13.460975868587493,29.913279707972208,2.2222222222222223
greedy,26,0.4,6,True,8,20,245.0901797063706,11,9,12.25450898531853,27.232242189596732,2.2222222222222223
greedy,27,0.4,6,True,8,20,240.43570213523256,11,9,12.021785106761628,26.71507801502584,2.2222222222222223
greedy,28,0.4,6,True,9,20,267.977776027299,12,9,13.39888880136495,29.775308447477666,2.2222222222222223
greedy,29,0.4,6,True,17,20,465.55475154055097,12,9,23.277737577027548,51.72830572672788,2.2222222222222223
fixed_pso,0,0.4,6,True,17,20,462.1478851628476,10,9,23.10739425814238,51.34976501809418,2.2222222222222223
fixed_pso,1,0.4,6,True,12,20,337.3021950788571,12,9,16.865109753942853,37.478021675428565,2.2222222222222223
fixed_pso,2,0.4,6,True,13,20,354.8485971527689,14,9,17.742429857638445,39.42762190586321,2.2222222222222223
fixed_pso,3,0.4,6,True,13,20,348.7306792942584,11,9,17.43653396471292,38.7478532549176,2.2222222222222223
fixed_pso,4,0.4,6,True,8,20,228.0799933925368,12,9,11.40399966962684,25.342221488059646,2.2222222222222223
fixed_pso,5,0.4,6,True,12,20,333.15932291195395,12,9,16.657966145597698,37.017702545772664,2.2222222222222223
fixed_pso,6,0.4,6,True,12,20,340.7905770611446,13,9,17.039528853057227,37.86561967346051,2.2222222222222223
fixed_pso,7,0.4,6,True,18,20,474.9757637732621,12,9,23.748788188663106,52.77508486369579,2.2222222222222223
fixed_pso,8,0.4,6,True,15,20,404.20866078193626,12,9,20.210433039096813,44.91207342021514,2.2222222222222223
fixed_pso,9,0.4,6,True,14,20,383.5493609292548,10,9,19.177468046462742,42.61659565880609,2.2222222222222223
fixed_pso,10,0.4,6,True,13,20,359.38962032982147,12,9,17.969481016491073,39.93218003664683,2.2222222222222223
fixed_pso,11,0.4,6,True,12,20,320.61799020444795,11,9,16.030899510222397,35.62422113382755,2.2222222222222223
fixed_pso,12,0.4,6,True,9,20,263.4915142833654,11,9,13.17457571416827,29.276834920373933,2.2222222222222223
fixed_pso,13,0.4,6,True,11,20,303.86911146226186,12,9,15.193455573113093,33.76323460691798,2.2222222222222223
fixed_pso,14,0.4,6,True,9,20,254.42513244291044,12,9,12.721256622145521,28.269459160323382,2.2222222222222223
fixed_pso,15,0.4,6,True,14,20,373.7896573891774,11,9,18.68948286945887,41.53218415435305,2.2222222222222223
fixed_pso,16,0.4,6,True,11,20,303.0707372436801,12,9,15.153536862184007,33.674526360408905,2.2222222222222223
fixed_pso,17,0.4,6,True,9,20,245.15294097212532,12,9,12.257647048606266,27.23921566356948,2.2222222222222223
fixed_pso,18,0.4,6,True,17,20,461.2521434653543,11,9,23.062607173267715,51.25023816281715,2.2222222222222223
fixed_pso,19,0.4,6,True,14,20,386.1505184515037,9,9,19.307525922575184,42.90561316127818,2.2222222222222223
fixed_pso,20,0.4,6,True,22,20,589.2114249526376,9,9,29.46057124763188,65.46793610584862,2.2222222222222223
fixed_pso,21,0.4,6,True,19,20,503.3826873965001,11,9,25.169134369825006,55.931409710722235,2.2222222222222223
fixed_pso,22,0.4,6,True,14,20,382.50072770372174,12,9,19.125036385186085,42.50008085596908,2.2222222222222223
fixed_pso,23,0.4,6,True,10,20,280.1075887291024,12,9,14.00537943645512,31.123065414344712,2.2222222222222223
fixed_pso,24,0.4,6,True,17,20,453.30764983796985,11,9,22.66538249189849,50.36751664866332,2.2222222222222223
fixed_pso,25,0.4,6,True,11,20,302.4989540796261,12,9,15.124947703981306,33.610994897736234,2.2222222222222223
fixed_pso,26,0.4,6,True,10,20,287.073159924592,12,9,14.3536579962296,31.897017769399113,2.2222222222222223
fixed_pso,27,0.4,6,True,9,20,249.44746170191544,13,9,12.472373085095771,27.71638463354616,2.2222222222222223
fixed_pso,28,0.4,6,True,11,20,305.3730273606428,12,9,15.268651368032142,33.93033637340476,2.2222222222222223
fixed_pso,29,0.4,6,True,23,20,611.2507546555172,12,9,30.56253773277586,67.9167505172797,2.2222222222222223
dynamic_pso,0,0.4,6,True,17,20,454.8888516213675,10,9,22.744442581068377,50.5432057357075,2.2222222222222223
dynamic_pso,1,0.4,6,True,12,20,334.41262691406587,12,9,16.720631345703293,37.15695854600732,2.2222222222222223
dynamic_pso,2,0.4,6,True,14,20,367.18438864566224,14,9,18.359219432283112,40.79826540507358,2.2222222222222223
dynamic_pso,3,0.4,6,True,11,20,300.42908158306483,11,9,15.02145407915324,33.38100906478498,2.2222222222222223
dynamic_pso,4,0.4,6,True,9,20,250.1951364067409,13,9,12.509756820337044,27.79945960074899,2.2222222222222223
dynamic_pso,5,0.4,6,True,12,20,330.67960903693086,12,9,16.533980451846542,36.74217878188121,2.2222222222222223
dynamic_pso,6,0.4,6,True,12,20,338.9156171128903,13,9,16.945780855644514,37.65729079032114,2.2222222222222223
dynamic_pso,7,0.4,6,True,19,20,491.4789500069001,12,9,24.573947500345007,54.608772222988904,2.2222222222222223
dynamic_pso,8,0.4,6,True,15,20,401.55637994957056,12,9,20.077818997478527,44.617375549952285,2.2222222222222223
dynamic_pso,9,0.4,6,True,11,20,310.1999304920842,10,9,15.50999652460421,34.46665894356491,2.2222222222222223
dynamic_pso,10,0.4,6,True,13,20,354.7333077701826,11,9,17.73666538850913,39.41481197446473,2.2222222222222223
dynamic_pso,11,0.4,6,True,12,20,315.490235402495,11,9,15.77451177012475,35.05447060027722,2.2222222222222223
dynamic_pso,12,0.4,6,True,9,20,260.5963161539019,11,9,13.029815807695096,28.955146239322435,2.2222222222222223
dynamic_pso,13,0.4,6,True,11,20,298.02449626977364,12,9,14.901224813488682,33.113832918863736,2.2222222222222223
dynamic_pso,14,0.4,6,True,9,20,253.03347743642564,12,9,12.651673871821282,28.114830826269515,2.2222222222222223
dynamic_pso,15,0.4,6,True,14,20,372.2228650089229,10,9,18.611143250446144,41.358096112102544,2.2222222222222223
dynamic_pso,16,0.4,6,True,11,20,300.57494576584594,12,9,15.028747288292298,33.39721619620511,2.2222222222222223
dynamic_pso,17,0.4,6,True,7,20,201.13125518397655,11,9,10.056562759198828,22.34791724266406,2.2222222222222223
dynamic_pso,18,0.4,6,True,17,20,457.18155310917416,11,9,22.85907765545871,50.797950345463796,2.2222222222222223
dynamic_pso,19,0.4,6,True,14,20,383.9117825040704,8,9,19.19558912520352,42.65686472267449,2.2222222222222223
dynamic_pso,20,0.4,6,True,20,20,537.6794948268506,9,9,26.88397474134253,59.74216609187229,2.2222222222222223
dynamic_pso,21,0.4,6,True,19,20,499.82905508873336,12,9,24.99145275443667,55.53656167652593,2.2222222222222223
dynamic_pso,22,0.4,6,True,14,20,379.6609590922165,12,9,18.983047954610825,42.18455101024628,2.2222222222222223
dynamic_pso,23,0.4,6,True,11,20,299.9414798961186,11,9,14.99707399480593,33.326831099568736,2.2222222222222223
dynamic_pso,24,0.4,6,True,19,20,492.1869007804854,11,9,24.60934503902427,54.687433420053935,2.2222222222222223
dynamic_pso,25,0.4,6,True,11,20,297.0237701385085,12,9,14.851188506925425,33.00264112650095,2.2222222222222223
dynamic_pso,26,0.4,6,True,11,20,299.5549161868187,11,9,14.977745809340934,33.28387957631318,2.2222222222222223
dynamic_pso,27,0.4,6,True,9,20,244.52834804951505,12,9,12.226417402475752,27.169816449946115,2.2222222222222223
dynamic_pso,28,0.4,6,True,10,20,278.7810402454974,11,9,13.939052012274871,30.975671138388602,2.2222222222222223
dynamic_pso,29,0.4,6,True,23,20,605.776232599045,12,9,30.28881162995225,67.30847028878277,2.2222222222222223
greedy,0,0.6,9,True,15,20,318.7483191123164,9,6,15.937415955615819,53.12471985205273,3.3333333333333335
greedy,1,0.6,9,True,9,20,219.1278785720751,12,6,10.956393928603756,36.52131309534585,3.3333333333333335
greedy,2,0.6,9,True,9,20,212.3813489675984,12,6,10.61906744837992,35.396891494599735,3.3333333333333335
greedy,3,0.6,9,True,9,20,215.4366385592837,12,6,10.771831927964184,35.90610642654728,3.3333333333333335
greedy,4,0.6,9,True,15,20,307.8441580546994,12,6,15.39220790273497,51.30735967578323,3.3333333333333335
greedy,5,0.6,9,True,11,20,246.88369883372957,11,6,12.344184941686478,41.147283138954926,3.3333333333333335
greedy,6,0.6,9,True,11,20,249.2589176089093,13,6,12.462945880445464,41.54315293481822,3.3333333333333335
greedy,7,0.6,9,True,7,20,184.44760864781225,12,6,9.222380432390612,30.741268107968708,3.3333333333333335
greedy,8,0.6,9,True,15,20,319.86577246378204,10,6,15.993288623189102,53.310962077297006,3.3333333333333335
greedy,9,0.6,9,True,10,20,234.58317771511815,9,6,11.729158885755908,39.09719628585302,3.3333333333333335
greedy,10,0.6,9,True,11,20,249.61371403415905,11,6,12.480685701707952,41.60228567235984,3.3333333333333335
greedy,11,0.6,9,True,13,20,285.50118567371936,12,6,14.275059283685968,47.58353094561989,3.3333333333333335
greedy,12,0.6,9,True,14,20,301.8132981647328,10,6,15.090664908236642,50.302216360788805,3.3333333333333335
greedy,13,0.6,9,True,11,20,245.4602731762178,13,6,12.273013658810891,40.91004552936963,3.3333333333333335
greedy,14,0.6,9,True,11,20,246.07922144451092,11,6,12.303961072225546,41.01320357408515,3.3333333333333335
greedy,15,0.6,9,True,14,20,290.6098795714138,10,6,14.53049397857069,48.434979928568964,3.3333333333333335
greedy,16,0.6,9,True,9,20,213.69174576443092,12,6,10.684587288221547,35.615290960738484,3.3333333333333335
greedy,17,0.6,9,True,6,20,167.7555588222337,10,6,8.387777941111684,27.959259803705617,3.3333333333333335
greedy,18,0.6,9,True,16,20,330.48926809080274,11,6,16.524463404540136,55.08154468180046,3.3333333333333335
greedy,19,0.6,9,True,17,20,342.93702263079706,9,6,17.146851131539854,57.15617043846618,3.3333333333333335
greedy,20,0.6,9,True,9,20,217.99271449265692,12,6,10.899635724632846,36.332119082109486,3.3333333333333335
greedy,21,0.6,9,True,16,20,327.9921414154035,10,6,16.399607070770177,54.665356902567254,3.3333333333333335
greedy,22,0.6,9,True,17,20,342.80612851440253,11,6,17.140306425720127,57.13435475240042,3.3333333333333335
greedy,23,0.6,9,True,12,20,269.2802586480644,11,6,13.464012932403218,44.88004310801073,3.3333333333333335
greedy,24,0.6,9,True,11,20,252.32967042488,10,6,12.616483521244,42.05494507081333,3.3333333333333335
greedy,25,0.6,9,True,9,20,216.53295635908853,11,6,10.826647817954427,36.08882605984809,3.3333333333333335
greedy,26,0.6,9,True,10,20,236.79069393727383,11,6,11.83953469686369,39.465115656212305,3.3333333333333335
greedy,27,0.6,9,True,10,20,232.03570213523253,11,6,11.601785106761627,38.67261702253875,3.3333333333333335
greedy,28,0.6,9,True,13,20,286.4127083015375,12,6,14.320635415076875,47.735451383589584,3.3333333333333335
greedy,29,0.6,9,True,10,20,231.4354486488037,12,6,11.571772432440186,38.57257477480062,3.3333333333333335
fixed_pso,0,0.6,9,True,17,20,345.88366758808763,11,6,17.29418337940438,57.647277931347936,3.3333333333333335
fixed_pso,1,0.6,9,True,12,20,263.7388752477152,10,6,13.186943762385761,43.95647920795253,3.3333333333333335
fixed_pso,2,0.6,9,True,13,20,271.24776520738664,12,6,13.562388260369332,45.207960867897775,3.3333333333333335
fixed_pso,3,0.6,9,True,12,20,254.5164748340475,11,6,12.725823741702374,42.41941247234125,3.3333333333333335
fixed_pso,4,0.6,9,True,14,20,283.4081769981224,12,6,14.17040884990612,47.234696166353736,3.3333333333333335
fixed_pso,5,0.6,9,True,14,20,281.6666543129225,12,6,14.083332715646126,46.944442385487086,3.3333333333333335
fixed_pso,6,0.6,9,True,11,20,242.61891445251632,14,6,12.130945722625816,40.436485742086056,3.3333333333333335
fixed_pso,7,0.6,9,True,12,20,251.06638427903496,13,6,12.553319213951749,41.84439737983916,3.3333333333333335
fixed_pso,8,0.6,9,True,16,20,325.1567258708335,13,6,16.257836293541676,54.192787645138914,3.3333333333333335
fixed_pso,9,0.6,9,True,15,20,310.9877074269832,11,6,15.54938537134916,51.83128457116387,3.3333333333333335
fixed_pso,10,0.6,9,True,13,20,271.30571334483915,12,6,13.565285667241957,45.21761889080653,3.3333333333333335
fixed_pso,11,0.6,9,True,20,20,379.6033978549377,11,6,18.980169892746886,63.26723297582296,3.3333333333333335
fixed_pso,12,0.6,9,True,17,20,345.22691592553457,9,6,17.26134579627673,57.53781932092243,3.3333333333333335
fixed_pso,13,0.6,9,True,12,20,256.11661774879894,10,6,12.805830887439948,42.686102958133155,3.3333333333333335
fixed_pso,14,0.6,9,True,11,20,234.1269001649588,11,6,11.70634500824794,39.021150027493135,3.3333333333333335
fixed_pso,15,0.6,9,True,14,20,275.3756965624117,9,6,13.768784828120584,45.895949427068615,3.3333333333333335
fixed_pso,16,0.6,9,True,12,20,250.25641300763823,12,6,12.512820650381911,41.70940216793971,3.3333333333333335
fixed_pso,17,0.6,9,True,12,20,250.30403472541047,12,6,12.515201736270523,41.71733912090175,3.3333333333333335
fixed_pso,18,0.6,9,True,17,20,347.57601476723283,10,6,17.37880073836164,57.92933579453881,3.3333333333333335
fixed_pso,19,0.6,9,True,24,20,465.9433347652759,10,6,23.297166738263794,77.65722246087931,3.3333333333333335
fixed_pso,20,0.6,9,True,13,20,282.14668626104685,10,6,14.107334313052343,47.02444771017448,3.3333333333333335
fixed_pso,21,0.6,9,True,15,20,303.9121379870783,11,6,15.195606899353916,50.65202299784639,3.3333333333333335
fixed_pso,22,0.6,9,True,19,20,371.249563403576,11,6,18.5624781701788,61.874927233929334,3.3333333333333335
fixed_pso,23,0.6,9,True,16,20,322.8863651097552,9,6,16.14431825548776,53.814394184959205,3.3333333333333335
fixed_pso,24,0.6,9,True,15,20,308.5699133744422,9,6,15.42849566872211,51.42831889574037,3.3333333333333335
fixed_pso,25,0.6,9,True,10,20,216.63044364435265,13,6,10.831522182217633,36.10507394072544,3.3333333333333335
fixed_pso,26,0.6,9,True,11,20,240.4753122558808,11,6,12.02376561279404,40.079218709313466,3.3333333333333335
fixed_pso,27,0.6,9,True,15,20,305.7255745332635,12,6,15.286278726663175,50.95426242221058,3.3333333333333335
fixed_pso,28,0.6,9,True,14,20,290.2060445549216,13,6,14.510302227746081,48.367674092486936,3.3333333333333335
fixed_pso,29,0.6,9,True,11,20,243.0934108842105,10,6,12.154670544210525,40.51556848070175,3.3333333333333335
dynamic_pso,0,0.6,9,True,18,20,358.44773544662183,10,6,17.92238677233109,59.74128924110364,3.3333333333333335
dynamic_pso,1,0.6,9,True,11,20,244.73671135289345,10,6,12.236835567644672,40.78945189214891,3.3333333333333335
dynamic_pso,2,0.6,9,True,13,20,271.5002880898277,12,6,13.575014404491384,45.25004801497128,3.3333333333333335
dynamic_pso,3,0.6,9,True,12,20,253.1211364856936,11,6,12.65605682428468,42.186856080948935,3.3333333333333335
dynamic_pso,4,0.6,9,True,14,20,278.61866997862194,13,6,13.930933498931097,46.43644499643699,3.3333333333333335
dynamic_pso,5,0.6,9,True,14,20,275.0271730367855,12,6,13.751358651839274,45.83786217279758,3.3333333333333335
dynamic_pso,6,0.6,9,True,11,20,240.99216710724053,14,6,12.049608355362027,40.16536118454009,3.3333333333333335
dynamic_pso,7,0.6,9,True,12,20,247.5460317117936,13,6,12.37730158558968,41.2576719519656,3.3333333333333335
dynamic_pso,8,0.6,9,True,18,20,356.1611795247625,13,6,17.808058976238122,59.360196587460415,3.3333333333333335
dynamic_pso,9,0.6,9,True,15,20,309.5538160427976,11,6,15.47769080213988,51.5923026737996,3.3333333333333335
dynamic_pso,10,0.6,9,True,13,20,270.02981080648067,12,6,13.501490540324033,45.00496846774678,3.3333333333333335
dynamic_pso,11,0.6,9,True,20,20,377.1563014058857,11,6,18.857815070294286,62.85938356764762,3.3333333333333335
dynamic_pso,12,0.6,9,True,17,20,337.8295908735552,9,6,16.89147954367776,56.304931812259206,3.3333333333333335
dynamic_pso,13,0.6,9,True,11,20,234.9948407246818,10,6,11.74974203623409,39.16580678744697,3.3333333333333335
dynamic_pso,14,0.6,9,True,11,20,234.8391593056431,11,6,11.741957965282156,39.139859884273854,3.3333333333333335
dynamic_pso,15,0.6,9,True,14,20,279.35988807010256,9,6,13.967994403505127,46.55998134501709,3.3333333333333335
dynamic_pso,16,0.6,9,True,14,20,277.51058207868914,12,6,13.875529103934458,46.251763679781526,3.3333333333333335
dynamic_pso,17,0.6,9,True,12,20,247.877007295286,11,6,12.393850364764301,41.31283454921434,3.3333333333333335
dynamic_pso,18,0.6,9,True,18,20,359.203099178487,10,6,17.96015495892435,59.867183196414494,3.3333333333333335
dynamic_pso,19,0.6,9,True,24,20,462.7553441382775,10,6,23.137767206913875,77.12589068971292,3.3333333333333335
dynamic_pso,20,0.6,9,True,13,20,280.27051352633515,10,6,14.013525676316757,46.71175225438919,3.3333333333333335
dynamic_pso,21,0.6,9,True,14,20,288.5345628442163,11,6,14.426728142210814,48.08909380736938,3.3333333333333335
dynamic_pso,22,0.6,9,True,19,20,366.71177977491845,11,6,18.335588988745922,61.11862996248641,3.3333333333333335
dynamic_pso,23,0.6,9,True,16,20,316.6587607822265,9,6,15.832938039111326,52.776460130371085,3.3333333333333335
dynamic_pso,24,0.6,9,True,16,20,314.73161163974555,10,6,15.736580581987278,52.45526860662426,3.3333333333333335
dynamic_pso,25,0.6,9,True,9,20,200.23776858849527,12,6,10.011888429424763,33.37296143141588,3.3333333333333335
dynamic_pso,26,0.6,9,True,11,20,237.8280556869972,10,6,11.89140278434986,39.6380092811662,3.3333333333333335
dynamic_pso,27,0.6,9,True,15,20,302.5708184183643,12,6,15.128540920918216,50.42846973639405,3.3333333333333335
dynamic_pso,28,0.6,9,True,14,20,285.0415073038716,12,6,14.25207536519358,47.506917883978595,3.3333333333333335
dynamic_pso,29,0.6,9,True,11,20,240.96961122015549,10,6,12.048480561007775,40.16160187002591,3.3333333333333335
