seed,scenario_fingerprint,algorithm,num_agents,num_tasks,obstacle_density,success,iterations,total_distance,productive_agents,blocked_moves,redundant_target_ratio,runtime_seconds
0,5b72b122335855fa9c91c1bd3352a2249c051455fc1e672433c289bfdd1d8f56,manhattan_greedy,15,20,0.0,1,34,497.0,10,13,0.7372549019607844,0.16058399300527526
0,5b72b122335855fa9c91c1bd3352a2249c051455fc1e672433c289bfdd1d8f56,path_cost_greedy,15,20,0.0,1,34,497.0,10,13,0.7372549019607844,2.4865859239944257
0,5b72b122335855fa9c91c1bd3352a2249c051455fc1e672433c289bfdd1d8f56,hungarian_astar,15,20,0.0,1,22,174.0,13,1,0.0,2.7382353269931627
1,18aee83d33580edee6255025d6cb943369681f500b07431b2dca4c91162b53dd,manhattan_greedy,15,20,0.0,1,35,497.0,10,28,0.7371428571428571,0.1512084979985957
1,18aee83d33580edee6255025d6cb943369681f500b07431b2dca4c91162b53dd,path_cost_greedy,15,20,0.0,1,35,497.0,10,28,0.7371428571428571,4.727236931001244
1,18aee83d33580edee6255025d6cb943369681f500b07431b2dca4c91162b53dd,hungarian_astar,15,20,0.0,1,29,195.0,13,0,0.0,4.868852132000029
2,3329ae72f1c54ad257707e336403eaa4ee8e1e63d02bd512a5a7cf83910f91ab,manhattan_greedy,15,20,0.0,1,28,414.0,11,6,0.7095238095238096,0.2023872920035501
2,3329ae72f1c54ad257707e336403eaa4ee8e1e63d02bd512a5a7cf83910f91ab,path_cost_greedy,15,20,0.0,1,28,414.0,11,6,0.7095238095238096,6.108513630999369
2,3329ae72f1c54ad257707e336403eaa4ee8e1e63d02bd512a5a7cf83910f91ab,hungarian_astar,15,20,0.0,1,21,151.0,13,1,0.0,5.206654639994667
3,da2d8601c07b7794674f041f7ce085e934feb8b975eca3199a39f62bbc6ba8a3,manhattan_greedy,15,20,0.0,1,25,369.0,10,6,0.7066666666666667,0.13296794099733233
3,da2d8601c07b7794674f041f7ce085e934feb8b975eca3199a39f62bbc6ba8a3,path_cost_greedy,15,20,0.0,1,25,369.0,10,6,0.7066666666666667,3.1064993309992133
3,da2d8601c07b7794674f041f7ce085e934feb8b975eca3199a39f62bbc6ba8a3,hungarian_astar,15,20,0.0,1,17,148.0,12,0,0.0,2.694197525001073
4,2d1f7ee5d65fe44a069001c23d30cc7a088e23a8ff332c76fd23fa1ff88e0495,manhattan_greedy,15,20,0.0,1,33,478.0,11,17,0.7616161616161616,0.21531316699838499
4,2d1f7ee5d65fe44a069001c23d30cc7a088e23a8ff332c76fd23fa1ff88e0495,path_cost_greedy,15,20,0.0,1,33,478.0,11,17,0.7616161616161616,2.8933363020041725
4,2d1f7ee5d65fe44a069001c23d30cc7a088e23a8ff332c76fd23fa1ff88e0495,hungarian_astar,15,20,0.0,1,23,188.0,13,1,0.0,4.069791264999367
5,5c778108b9e37b28e1a84eb3c485ba75f004fd3997dc6f8a433b4831a2733354,manhattan_greedy,15,20,0.0,1,31,455.0,9,10,0.7569892473118279,1.307649501002743
5,5c778108b9e37b28e1a84eb3c485ba75f004fd3997dc6f8a433b4831a2733354,path_cost_greedy,15,20,0.0,1,31,455.0,9,10,0.7569892473118279,7.272066832003475
5,5c778108b9e37b28e1a84eb3c485ba75f004fd3997dc6f8a433b4831a2733354,hungarian_astar,15,20,0.0,1,21,155.0,15,0,0.0,3.0978308169942466
6,bb99941888b3dd3f786dd3bbdf349577fe96ac5bf3594c63e07ab8a74752bc17,manhattan_greedy,15,20,0.0,1,34,503.0,12,7,0.7098039215686275,0.16509190299984766
6,bb99941888b3dd3f786dd3bbdf349577fe96ac5bf3594c63e07ab8a74752bc17,path_cost_greedy,15,20,0.0,1,34,503.0,12,7,0.7098039215686275,2.0832224910045625
6,bb99941888b3dd3f786dd3bbdf349577fe96ac5bf3594c63e07ab8a74752bc17,hungarian_astar,15,20,0.0,1,22,187.0,11,0,0.0,1.8590465180022875
7,59312da69d6b136e84e5ec23101bb4ad8a3ca4ac0c95d3746d7ce13c4d5eb97a,manhattan_greedy,15,20,0.0,1,22,326.0,12,4,0.6727272727272727,0.12946276099683018
7,59312da69d6b136e84e5ec23101bb4ad8a3ca4ac0c95d3746d7ce13c4d5eb97a,path_cost_greedy,15,20,0.0,1,22,326.0,12,4,0.6727272727272727,2.4112836370040895
7,59312da69d6b136e84e5ec23101bb4ad8a3ca4ac0c95d3746d7ce13c4d5eb97a,hungarian_astar,15,20,0.0,1,16,134.0,12,1,0.0,2.474442924998584
8,ea6dd40f12497423452e99f84218993f096defbfbfa9a218f475d99a93a819b6,manhattan_greedy,15,20,0.0,1,31,450.0,11,15,0.6666666666666666,0.2714327899957425
8,ea6dd40f12497423452e99f84218993f096defbfbfa9a218f475d99a93a819b6,path_cost_greedy,15,20,0.0,1,31,450.0,11,15,0.6666666666666666,10.848947395003051
8,ea6dd40f12497423452e99f84218993f096defbfbfa9a218f475d99a93a819b6,hungarian_astar,15,20,0.0,1,31,266.0,13,0,0.0,9.608489059995918
9,e8bd61bc76aff10e389af07a62799664e342002bfc0b4f29a4f066c93a843896,manhattan_greedy,15,20,0.0,1,21,301.0,14,14,0.5619047619047619,0.07966683000267949
9,e8bd61bc76aff10e389af07a62799664e342002bfc0b4f29a4f066c93a843896,path_cost_greedy,15,20,0.0,1,21,301.0,14,14,0.5619047619047619,3.6438926229966455
9,e8bd61bc76aff10e389af07a62799664e342002bfc0b4f29a4f066c93a843896,hungarian_astar,15,20,0.0,1,21,156.0,15,0,0.0,3.0793535279954085
10,b057229da599b6aa245a7238895920bd0970897c1cd7fcd1798e51a794218275,manhattan_greedy,15,20,0.0,1,43,639.0,10,6,0.772093023255814,0.26345631499862066
10,b057229da599b6aa245a7238895920bd0970897c1cd7fcd1798e51a794218275,path_cost_greedy,15,20,0.0,1,43,639.0,10,6,0.772093023255814,3.3569895709952107
10,b057229da599b6aa245a7238895920bd0970897c1cd7fcd1798e51a794218275,hungarian_astar,15,20,0.0,1,22,196.0,14,0,0.0,3.7287718879961176
11,7d90053cd559bb94263f1edb59b91ad573fbce1faf92e1e12dc673823e9f7056,manhattan_greedy,15,20,0.0,1,28,398.0,13,22,0.6833333333333333,0.22879758599447086
11,7d90053cd559bb94263f1edb59b91ad573fbce1faf92e1e12dc673823e9f7056,path_cost_greedy,15,20,0.0,1,28,398.0,13,22,0.6833333333333333,4.8425728529982734
11,7d90053cd559bb94263f1edb59b91ad573fbce1faf92e1e12dc673823e9f7056,hungarian_astar,15,20,0.0,1,23,159.0,14,0,0.0,3.4038712389956345
12,e2030f76ffb884355ee0fc2d8d8e2b1c4aa97274b0d7e6ea49dff354518b4020,manhattan_greedy,15,20,0.0,1,15,223.0,11,2,0.48,0.043894933005503844
12,e2030f76ffb884355ee0fc2d8d8e2b1c4aa97274b0d7e6ea49dff354518b4020,path_cost_greedy,15,20,0.0,1,15,223.0,11,2,0.48,2.4898848140001064
12,e2030f76ffb884355ee0fc2d8d8e2b1c4aa97274b0d7e6ea49dff354518b4020,hungarian_astar,15,20,0.0,1,19,158.0,13,0,0.0,2.3870765790052246
13,c49fe4875e176d9d85d710a5e6dc11b4b712c2af034f425c3a6741add0c304c9,manhattan_greedy,15,20,0.0,1,27,397.0,10,8,0.7160493827160493,0.08819501099787885
13,c49fe4875e176d9d85d710a5e6dc11b4b712c2af034f425c3a6741add0c304c9,path_cost_greedy,15,20,0.0,1,27,397.0,10,8,0.7160493827160493,1.4623262280001654
13,c49fe4875e176d9d85d710a5e6dc11b4b712c2af034f425c3a6741add0c304c9,hungarian_astar,15,20,0.0,1,29,228.0,14,3,0.0,1.9909113179965061
14,72eead4691f5268eb574cce418fc38a174ca53cee596874da672b23e1f19eca9,manhattan_greedy,15,20,0.0,1,31,460.0,11,5,0.6860215053763441,0.11057926200010115
14,72eead4691f5268eb574cce418fc38a174ca53cee596874da672b23e1f19eca9,path_cost_greedy,15,20,0.0,1,31,460.0,11,5,0.6860215053763441,2.4692307939985767
14,72eead4691f5268eb574cce418fc38a174ca53cee596874da672b23e1f19eca9,hungarian_astar,15,20,0.0,1,23,164.0,13,0,0.0,2.1123207960044965
15,ccd12b12d1d62d677cbd89a083b90e25ca079fbc635058801cd86facd3fb1791,manhattan_greedy,15,20,0.0,1,35,491.0,11,34,0.7295238095238096,0.131628835995798
15,ccd12b12d1d62d677cbd89a083b90e25ca079fbc635058801cd86facd3fb1791,path_cost_greedy,15,20,0.0,1,35,491.0,11,34,0.7295238095238096,3.085087276995182
15,ccd12b12d1d62d677cbd89a083b90e25ca079fbc635058801cd86facd3fb1791,hungarian_astar,15,20,0.0,1,21,164.0,12,0,0.0,2.1538294609999866
16,e63c3482033923c2af25ce07d81b89f91a995e7b2a0985a259a722143762f824,manhattan_greedy,15,20,0.0,1,26,386.0,12,4,0.6948717948717948,0.1477926630032016
16,e63c3482033923c2af25ce07d81b89f91a995e7b2a0985a259a722143762f824,path_cost_greedy,15,20,0.0,1,26,386.0,12,4,0.6948717948717948,3.164101103997382
16,e63c3482033923c2af25ce07d81b89f91a995e7b2a0985a259a722143762f824,hungarian_astar,15,20,0.0,1,19,163.0,12,0,0.0,2.947172975000285
17,3bfc7f9522a009d0bcd661c65d54ffe0a1a7f32c4aa2559e87464926e8e7a473,manhattan_greedy,15,20,0.0,1,40,590.0,9,10,0.775,0.39401871799782384
17,3bfc7f9522a009d0bcd661c65d54ffe0a1a7f32c4aa2559e87464926e8e7a473,path_cost_greedy,15,20,0.0,1,40,590.0,9,10,0.775,4.413988699998299
17,3bfc7f9522a009d0bcd661c65d54ffe0a1a7f32c4aa2559e87464926e8e7a473,hungarian_astar,15,20,0.0,1,18,164.0,13,1,0.0,2.350051444998826
18,902998a4d1861ba9a602c081778dcf9283aacecdf21f67add4b80af8c19154a9,manhattan_greedy,15,20,0.0,1,18,261.0,14,9,0.562962962962963,0.05984308900224278
18,902998a4d1861ba9a602c081778dcf9283aacecdf21f67add4b80af8c19154a9,path_cost_greedy,15,20,0.0,1,18,261.0,14,9,0.562962962962963,2.154572007006209
18,902998a4d1861ba9a602c081778dcf9283aacecdf21f67add4b80af8c19154a9,hungarian_astar,15,20,0.0,1,14,128.0,15,1,0.0,1.9893813229937223
19,74d4b0e676285be29a2475adf2879fcf43e647ccf00393ff52d3b25e944a64ad,manhattan_greedy,15,20,0.0,1,32,426.0,9,54,0.7541666666666667,0.14906293300009565
19,74d4b0e676285be29a2475adf2879fcf43e647ccf00393ff52d3b25e944a64ad,path_cost_greedy,15,20,0.0,1,32,426.0,9,54,0.7541666666666667,2.315970511001069
19,74d4b0e676285be29a2475adf2879fcf43e647ccf00393ff52d3b25e944a64ad,hungarian_astar,15,20,0.0,1,24,188.0,11,0,0.0,1.9306708139993134
20,550ae1bb9e1147399329e3974db563663335eb41257100598a7e2962fd21b46c,manhattan_greedy,15,20,0.0,1,25,373.0,11,2,0.6293333333333333,0.10420732499915175
20,550ae1bb9e1147399329e3974db563663335eb41257100598a7e2962fd21b46c,path_cost_greedy,15,20,0.0,1,25,373.0,11,2,0.6293333333333333,2.272491880998132
20,550ae1bb9e1147399329e3974db563663335eb41257100598a7e2962fd21b46c,hungarian_astar,15,20,0.0,1,22,219.0,13,0,0.0,2.7695353839953896
21,6e4bf576ddc9bdd7130bf08989c3c9d040be5aafbffb7a12af6bdf9926c99d9f,manhattan_greedy,15,20,0.0,1,23,338.0,12,7,0.6608695652173913,0.12271330299699912
21,6e4bf576ddc9bdd7130bf08989c3c9d040be5aafbffb7a12af6bdf9926c99d9f,path_cost_greedy,15,20,0.0,1,23,338.0,12,7,0.6608695652173913,2.8654669759998797
21,6e4bf576ddc9bdd7130bf08989c3c9d040be5aafbffb7a12af6bdf9926c99d9f,hungarian_astar,15,20,0.0,1,17,147.0,14,0,0.0,2.0336986719994457
22,c90cb07d1b6fd62d558ed8980881c96a3094611db896f5bb20c6b31b78a0fa23,manhattan_greedy,15,20,0.0,1,18,267.0,11,3,0.6074074074074074,0.03627210300328443
22,c90cb07d1b6fd62d558ed8980881c96a3094611db896f5bb20c6b31b78a0fa23,path_cost_greedy,15,20,0.0,1,18,267.0,11,3,0.6074074074074074,1.5275202350021573
22,c90cb07d1b6fd62d558ed8980881c96a3094611db896f5bb20c6b31b78a0fa23,hungarian_astar,15,20,0.0,1,18,149.0,12,0,0.0,1.607350313999632
23,2d0e2a225c2e2a2595e1226873c9842f359f34312487fa77fd74606ef028d550,manhattan_greedy,15,20,0.0,1,41,560.0,13,55,0.7983739837398374,0.3353536590002477
23,2d0e2a225c2e2a2595e1226873c9842f359f34312487fa77fd74606ef028d550,path_cost_greedy,15,20,0.0,1,41,560.0,13,55,0.7983739837398374,3.0923839370007045
23,2d0e2a225c2e2a2595e1226873c9842f359f34312487fa77fd74606ef028d550,hungarian_astar,15,20,0.0,1,22,144.0,13,0,0.0,2.8602224770002067
24,85c459c55ba0643410e49f7de3152206bad1193b5643074e41d5f94bca24e334,manhattan_greedy,15,20,0.0,1,30,444.0,10,6,0.7533333333333333,0.27869537199876504
24,85c459c55ba0643410e49f7de3152206bad1193b5643074e41d5f94bca24e334,path_cost_greedy,15,20,0.0,1,30,444.0,10,6,0.7533333333333333,2.8454154550054227
24,85c459c55ba0643410e49f7de3152206bad1193b5643074e41d5f94bca24e334,hungarian_astar,15,20,0.0,1,17,141.0,14,0,0.0,2.3062061790042208
25,44649b0ebb4a64bc9692533f4bccd1c76ec286c6c24e3868d1a3e303e8f4a314,manhattan_greedy,15,20,0.0,1,30,429.0,11,21,0.7,0.10178926800290355
25,44649b0ebb4a64bc9692533f4bccd1c76ec286c6c24e3868d1a3e303e8f4a314,path_cost_greedy,15,20,0.0,1,30,429.0,11,21,0.7,3.542160645003605
25,44649b0ebb4a64bc9692533f4bccd1c76ec286c6c24e3868d1a3e303e8f4a314,hungarian_astar,15,20,0.0,1,20,177.0,13,0,0.0,2.804652683000313
26,71f6f61a8c4650754f8e9f90d63bc973a417523f9ac073ea2d9c96657c0c88b1,manhattan_greedy,15,20,0.0,1,39,572.0,9,13,0.7829059829059829,0.10242737099906662
26,71f6f61a8c4650754f8e9f90d63bc973a417523f9ac073ea2d9c96657c0c88b1,path_cost_greedy,15,20,0.0,1,39,572.0,9,13,0.7829059829059829,1.5026025980041595
26,71f6f61a8c4650754f8e9f90d63bc973a417523f9ac073ea2d9c96657c0c88b1,hungarian_astar,15,20,0.0,1,25,243.0,13,1,0.0,1.4441086930019083
27,27e4d1e63a93e6a63db76783ad14e836a0eb9b306cf6fcb88cbdf4cce0bf9ab7,manhattan_greedy,15,20,0.0,1,25,362.0,12,13,0.696,0.13185697999870172
27,27e4d1e63a93e6a63db76783ad14e836a0eb9b306cf6fcb88cbdf4cce0bf9ab7,path_cost_greedy,15,20,0.0,1,25,362.0,12,13,0.696,3.499915731998044
27,27e4d1e63a93e6a63db76783ad14e836a0eb9b306cf6fcb88cbdf4cce0bf9ab7,hungarian_astar,15,20,0.0,1,19,151.0,13,0,0.0,2.7754980610043276
28,00b96c40e4a17030613b40c8615967a6fa0f74e7f73a930b60a2f45f07381942,manhattan_greedy,15,20,0.0,1,41,579.0,11,36,0.8097560975609757,0.3433050199964782
28,00b96c40e4a17030613b40c8615967a6fa0f74e7f73a930b60a2f45f07381942,path_cost_greedy,15,20,0.0,1,41,579.0,11,36,0.8097560975609757,3.8249553860005108
28,00b96c40e4a17030613b40c8615967a6fa0f74e7f73a930b60a2f45f07381942,hungarian_astar,15,20,0.0,1,17,151.0,11,1,0.0,3.04494719899958
29,ab43e3b3607f7a699dd76ce8a7307bc4dc62a7165ef510020562b91002c625ff,manhattan_greedy,15,20,0.0,1,29,424.0,13,11,0.6850574712643678,0.24312730100064073
29,ab43e3b3607f7a699dd76ce8a7307bc4dc62a7165ef510020562b91002c625ff,path_cost_greedy,15,20,0.0,1,29,424.0,13,11,0.6850574712643678,4.449694533999718
29,ab43e3b3607f7a699dd76ce8a7307bc4dc62a7165ef510020562b91002c625ff,hungarian_astar,15,20,0.0,1,17,134.0,15,0,0.0,4.177283437005826
0,12ff6771771f1b7e99b60483735593c6cedb1d42d0fb9d6b153879c525fca8f3,manhattan_greedy,15,20,0.05,1,24,355.0,11,5,0.6583333333333333,0.08550651399855269
0,12ff6771771f1b7e99b60483735593c6cedb1d42d0fb9d6b153879c525fca8f3,path_cost_greedy,15,20,0.05,1,24,355.0,11,5,0.6583333333333333,1.9302219199962565
0,12ff6771771f1b7e99b60483735593c6cedb1d42d0fb9d6b153879c525fca8f3,hungarian_astar,15,20,0.05,1,20,152.0,13,0,0.0,1.976397978993191
1,313f2c1f1b5ee0e8f5b4533b0522d2858e71367d228cff83bbdb368dd897a539,manhattan_greedy,15,20,0.05,1,19,275.0,11,10,0.5859649122807018,0.06892543900175951
1,313f2c1f1b5ee0e8f5b4533b0522d2858e71367d228cff83bbdb368dd897a539,path_cost_greedy,15,20,0.05,1,19,279.0,12,6,0.6035087719298246,3.67550404999929
1,313f2c1f1b5ee0e8f5b4533b0522d2858e71367d228cff83bbdb368dd897a539,hungarian_astar,15,20,0.05,1,15,164.0,12,0,0.0,3.2038243810020504
2,a17522c05b3a4b951f77ef06536587265f4eb2d6c0cfed133669935ec56d384b,manhattan_greedy,15,20,0.05,1,27,387.0,11,18,0.674074074074074,0.1575098600005731
2,a17522c05b3a4b951f77ef06536587265f4eb2d6c0cfed133669935ec56d384b,path_cost_greedy,15,20,0.05,1,27,387.0,11,18,0.6864197530864198,5.209446957000182
2,a17522c05b3a4b951f77ef06536587265f4eb2d6c0cfed133669935ec56d384b,hungarian_astar,15,20,0.05,1,19,153.0,13,1,0.0,4.131986861997575
3,53722930e5de43edb5befd8a0c0ef99dfa9ad02f4f1028d1e39d3801f9bbca72,manhattan_greedy,15,20,0.05,1,21,307.0,12,8,0.6444444444444445,0.10643415900267428
3,53722930e5de43edb5befd8a0c0ef99dfa9ad02f4f1028d1e39d3801f9bbca72,path_cost_greedy,15,20,0.05,1,21,305.0,12,10,0.6444444444444445,2.5869710679980926
3,53722930e5de43edb5befd8a0c0ef99dfa9ad02f4f1028d1e39d3801f9bbca72,hungarian_astar,15,20,0.05,1,16,156.0,13,0,0.0,1.9894344399945112
4,3af0054dc9414aaf6a45b6bc788cd265ddb8a3ec64497c131a39c5afe704b59f,manhattan_greedy,15,20,0.05,1,21,299.0,9,16,0.6031746031746031,0.06523872500110883
4,3af0054dc9414aaf6a45b6bc788cd265ddb8a3ec64497c131a39c5afe704b59f,path_cost_greedy,15,20,0.05,1,21,299.0,9,16,0.6222222222222222,2.0208819129984477
4,3af0054dc9414aaf6a45b6bc788cd265ddb8a3ec64497c131a39c5afe704b59f,hungarian_astar,15,20,0.05,1,24,183.0,13,0,0.0,2.419330892000289
5,5a4ee8efca4de89341aa40e9b818fdba129ab04593b128a79492df94f8a67a92,manhattan_greedy,15,20,0.05,1,25,363.0,10,12,0.6746666666666666,0.17046628299431177
5,5a4ee8efca4de89341aa40e9b818fdba129ab04593b128a79492df94f8a67a92,path_cost_greedy,15,20,0.05,1,25,365.0,10,10,0.6746666666666666,3.8140176929955487
5,5a4ee8efca4de89341aa40e9b818fdba129ab04593b128a79492df94f8a67a92,hungarian_astar,15,20,0.05,1,20,172.0,13,0,0.0,6.763703593998798
6,9d58841cb82ea9bfa1d3f618543b1aa832c065f037c90ff5a7672a64a04609d6,manhattan_greedy,15,20,0.05,1,25,367.0,13,8,0.6693333333333333,0.11184992799826432
6,9d58841cb82ea9bfa1d3f618543b1aa832c065f037c90ff5a7672a64a04609d6,path_cost_greedy,15,20,0.05,1,25,367.0,13,8,0.6693333333333333,3.014943049005524
6,9d58841cb82ea9bfa1d3f618543b1aa832c065f037c90ff5a7672a64a04609d6,hungarian_astar,15,20,0.05,1,20,178.0,12,1,0.0,3.4169837159934104
7,bca7f71c098ebaed795dcfd216c7172b26e352e0cad9f3d1d289b783ae3e0087,manhattan_greedy,15,20,0.05,1,22,324.0,11,6,0.6606060606060606,0.1505433179991087
7,bca7f71c098ebaed795dcfd216c7172b26e352e0cad9f3d1d289b783ae3e0087,path_cost_greedy,15,20,0.05,1,22,324.0,11,6,0.6606060606060606,3.6236869330023183
7,bca7f71c098ebaed795dcfd216c7172b26e352e0cad9f3d1d289b783ae3e0087,hungarian_astar,15,20,0.05,1,22,157.0,13,0,0.0,6.373431193002034
8,731f8e3f0fef7dc74095fddd253fd865bb01f4cb537cf13327d75fa2070e6665,manhattan_greedy,15,20,0.05,1,39,576.0,10,9,0.7316239316239316,1.0010204550053459
8,731f8e3f0fef7dc74095fddd253fd865bb01f4cb537cf13327d75fa2070e6665,path_cost_greedy,15,20,0.05,1,47,691.0,10,14,0.7914893617021277,13.742980199996964
8,731f8e3f0fef7dc74095fddd253fd865bb01f4cb537cf13327d75fa2070e6665,hungarian_astar,15,20,0.05,1,29,205.0,12,2,0.0,12.080583166003635
9,a1269f41553cfe3e883fac6ab402ce9b3d0c59e4ab139e80733b9d6c99beb022,manhattan_greedy,15,20,0.05,1,59,847.0,10,38,0.8361581920903954,0.4808182259948808
9,a1269f41553cfe3e883fac6ab402ce9b3d0c59e4ab139e80733b9d6c99beb022,path_cost_greedy,15,20,0.05,1,59,844.0,10,41,0.8440677966101695,3.889233686000807
9,a1269f41553cfe3e883fac6ab402ce9b3d0c59e4ab139e80733b9d6c99beb022,hungarian_astar,15,20,0.05,1,25,165.0,14,0,0.0,2.7320177870060434
10,f809de791a40274759cad97ec256faa80e354f81ca5dfa23e956125e12b8a5ba,manhattan_greedy,15,20,0.05,1,27,396.0,9,9,0.6814814814814815,0.0723223019958823
10,f809de791a40274759cad97ec256faa80e354f81ca5dfa23e956125e12b8a5ba,path_cost_greedy,15,20,0.05,1,27,396.0,9,9,0.6790123456790124,3.480847694998374
10,f809de791a40274759cad97ec256faa80e354f81ca5dfa23e956125e12b8a5ba,hungarian_astar,15,20,0.05,1,21,165.0,15,0,0.0,1.9060607620049268
11,80a946d5cb0cbdddbe345339ad5b6a63ad025d28dd2ec8fad8695f54751905f6,manhattan_greedy,15,20,0.05,1,16,235.0,10,5,0.5625,0.03505717300140532
11,80a946d5cb0cbdddbe345339ad5b6a63ad025d28dd2ec8fad8695f54751905f6,path_cost_greedy,15,20,0.05,1,16,235.0,10,5,0.5625,1.8205136289980146
11,80a946d5cb0cbdddbe345339ad5b6a63ad025d28dd2ec8fad8695f54751905f6,hungarian_astar,15,20,0.05,1,22,157.0,13,0,0.0,2.147210137998627
12,bfe99981d816c7fab77573c0887e8b3bb2de55abd4878b5e214ca9b2521ca2d6,manhattan_greedy,15,20,0.05,1,18,264.0,13,6,0.5518518518518518,0.04773653300071601
12,bfe99981d816c7fab77573c0887e8b3bb2de55abd4878b5e214ca9b2521ca2d6,path_cost_greedy,15,20,0.05,1,18,264.0,13,6,0.5518518518518518,1.4802781329999561
12,bfe99981d816c7fab77573c0887e8b3bb2de55abd4878b5e214ca9b2521ca2d6,hungarian_astar,15,20,0.05,1,18,151.0,14,0,0.0,1.6223917750030523
13,3f4536cde44d295d70b0e09fec8de8425ed53befa67c0d84b89764ab5672e147,manhattan_greedy,15,20,0.05,1,33,477.0,10,18,0.7171717171717171,0.07033099500404205
13,3f4536cde44d295d70b0e09fec8de8425ed53befa67c0d84b89764ab5672e147,path_cost_greedy,15,20,0.05,1,29,420.0,10,15,0.671264367816092,1.2611301649958477
13,3f4536cde44d295d70b0e09fec8de8425ed53befa67c0d84b89764ab5672e147,hungarian_astar,15,20,0.05,1,29,202.0,14,1,0.0,1.2089289580035256
14,d943b8c33b1509bb41e00ad0cdbc32fd75002778ea14e50198d10f12bcb28aed,manhattan_greedy,15,20,0.05,1,46,674.0,11,16,0.7652173913043478,0.21690800299984403
14,d943b8c33b1509bb41e00ad0cdbc32fd75002778ea14e50198d10f12bcb28aed,path_cost_greedy,15,20,0.05,1,46,674.0,11,16,0.7652173913043478,3.7310178080006153
14,d943b8c33b1509bb41e00ad0cdbc32fd75002778ea14e50198d10f12bcb28aed,hungarian_astar,15,20,0.05,1,30,211.0,12,1,0.0,2.76616696799465
15,37908a44911ec1e1b1482ee22467758b4c6f8b0a221de1bed87097f2ca5ab55c,manhattan_greedy,15,20,0.05,1,22,318.0,12,12,0.6545454545454545,0.03436395800235914
15,37908a44911ec1e1b1482ee22467758b4c6f8b0a221de1bed87097f2ca5ab55c,path_cost_greedy,15,20,0.05,1,22,318.0,12,12,0.6545454545454545,1.1082086020032875
15,37908a44911ec1e1b1482ee22467758b4c6f8b0a221de1bed87097f2ca5ab55c,hungarian_astar,15,20,0.05,1,18,146.0,14,0,0.0,0.8617860750018735
16,3eaa1a5206a828377263774e09813e8bf9e0fa3aba0411332e4a67059ce8c9a1,manhattan_greedy,15,20,0.05,1,37,553.0,10,2,0.781981981981982,0.23701339699618984
16,3eaa1a5206a828377263774e09813e8bf9e0fa3aba0411332e4a67059ce8c9a1,path_cost_greedy,15,20,0.05,1,37,553.0,10,2,0.781981981981982,1.9041713519982295
16,3eaa1a5206a828377263774e09813e8bf9e0fa3aba0411332e4a67059ce8c9a1,hungarian_astar,15,20,0.05,1,25,166.0,13,0,0.0,1.339524786999391
17,4d2206b64bfa1c2993383ac0217ace196a731671e6a176e4e6c0147371726ec3,manhattan_greedy,15,20,0.05,1,43,631.0,10,14,0.7844961240310078,0.14081528300448554
17,4d2206b64bfa1c2993383ac0217ace196a731671e6a176e4e6c0147371726ec3,path_cost_greedy,15,20,0.05,1,50,674.0,11,76,0.7946666666666666,2.1182784650009125
17,4d2206b64bfa1c2993383ac0217ace196a731671e6a176e4e6c0147371726ec3,hungarian_astar,15,20,0.05,1,19,198.0,13,0,0.0,1.6590318710004794
18,da7f2877ee7ebe054d84a9191fe7c868b5198d0bcefcefcf36bcc2417e65129d,manhattan_greedy,15,20,0.05,1,33,481.0,12,14,0.7232323232323232,0.18260194200411206
18,da7f2877ee7ebe054d84a9191fe7c868b5198d0bcefcefcf36bcc2417e65129d,path_cost_greedy,15,20,0.05,1,33,481.0,12,14,0.7232323232323232,2.438030858997081
18,da7f2877ee7ebe054d84a9191fe7c868b5198d0bcefcefcf36bcc2417e65129d,hungarian_astar,15,20,0.05,1,18,162.0,12,1,0.0,1.592753980003181
19,9cdeb4ee3d10ab15074d5aa56f3689416047bf07a33c62aa42e12109ac06a714,manhattan_greedy,15,20,0.05,1,24,356.0,12,4,0.6833333333333333,0.04978113000106532
19,9cdeb4ee3d10ab15074d5aa56f3689416047bf07a33c62aa42e12109ac06a714,path_cost_greedy,15,20,0.05,1,24,356.0,12,4,0.6833333333333333,0.637733080999169
19,9cdeb4ee3d10ab15074d5aa56f3689416047bf07a33c62aa42e12109ac06a714,hungarian_astar,15,20,0.05,1,24,136.0,12,0,0.0,0.6222409979964141
20,7f903ef7b3f79c7448e7784b262b71031b9302967567a7722d9cfff0a09ebdd6,manhattan_greedy,15,20,0.05,1,25,368.0,11,7,0.6373333333333333,0.06063423599698581
20,7f903ef7b3f79c7448e7784b262b71031b9302967567a7722d9cfff0a09ebdd6,path_cost_greedy,15,20,0.05,1,25,368.0,11,7,0.6373333333333333,1.4042950900038704
20,7f903ef7b3f79c7448e7784b262b71031b9302967567a7722d9cfff0a09ebdd6,hungarian_astar,15,20,0.05,1,19,188.0,11,1,0.0,1.1985020159991109
21,b656006880c15831993dea96d3c614a1ced8d4e49ae62a349f7bb83ad0db133d,manhattan_greedy,15,20,0.05,1,36,508.0,13,32,0.7592592592592593,0.29239554300147574
21,b656006880c15831993dea96d3c614a1ced8d4e49ae62a349f7bb83ad0db133d,path_cost_greedy,15,20,0.05,1,36,534.0,14,6,0.7555555555555555,2.278890452995256
21,b656006880c15831993dea96d3c614a1ced8d4e49ae62a349f7bb83ad0db133d,hungarian_astar,15,20,0.05,1,17,155.0,12,0,0.0,2.172764984999958
22,7a984a304e9c0302ee574d4993ec43a7e7e8200b63f6840177e816912220b61c,manhattan_greedy,15,20,0.05,1,23,340.0,11,5,0.6608695652173913,0.051154376997146755
22,7a984a304e9c0302ee574d4993ec43a7e7e8200b63f6840177e816912220b61c,path_cost_greedy,15,20,0.05,1,23,340.0,11,5,0.6608695652173913,1.9743962680004188
22,7a984a304e9c0302ee574d4993ec43a7e7e8200b63f6840177e816912220b61c,hungarian_astar,15,20,0.05,1,15,157.0,13,1,0.0,1.674224000002141
23,afa9386953bb61bcb7bcae874b139ea8b219d4ef4756f3382f727f0bc2568df1,manhattan_greedy,15,20,0.05,1,48,689.0,12,31,0.8083333333333333,0.5577594120040885
23,afa9386953bb61bcb7bcae874b139ea8b219d4ef4756f3382f727f0bc2568df1,path_cost_greedy,15,20,0.05,1,48,681.0,12,39,0.8083333333333333,3.8366229750026832
23,afa9386953bb61bcb7bcae874b139ea8b219d4ef4756f3382f727f0bc2568df1,hungarian_astar,15,20,0.05,1,33,155.0,13,0,0.0,3.991022469002928
24,89c6be39e796e7f3e4eed5ae7b1f22a5a4a0b99e2f9813803f1b8a1690d78370,manhattan_greedy,15,20,0.05,1,26,374.0,11,16,0.6435897435897436,0.10406163400330115
24,89c6be39e796e7f3e4eed5ae7b1f22a5a4a0b99e2f9813803f1b8a1690d78370,path_cost_greedy,15,20,0.05,1,26,371.0,10,19,0.6538461538461539,3.300260071999219
24,89c6be39e796e7f3e4eed5ae7b1f22a5a4a0b99e2f9813803f1b8a1690d78370,hungarian_astar,15,20,0.05,1,18,168.0,13,0,0.0,1.891600577000645
25,945f4be2dace17e59c2d88e965a7664ee709471a95366f3507d09f28bdab35d1,manhattan_greedy,15,20,0.05,1,25,371.0,12,4,0.576,0.048461291000421625
25,945f4be2dace17e59c2d88e965a7664ee709471a95366f3507d09f28bdab35d1,path_cost_greedy,15,20,0.05,1,25,372.0,12,3,0.6053333333333333,1.748758720998012
25,945f4be2dace17e59c2d88e965a7664ee709471a95366f3507d09f28bdab35d1,hungarian_astar,15,20,0.05,1,20,179.0,15,0,0.0,2.769328278998728
26,04eb385e0dc05b5e501e13c5b291973c72872f101b353ac8de427900e1b053b6,manhattan_greedy,15,20,0.05,1,42,622.0,9,8,0.8031746031746032,0.11468620500090765
26,04eb385e0dc05b5e501e13c5b291973c72872f101b353ac8de427900e1b053b6,path_cost_greedy,15,20,0.05,1,42,622.0,9,8,0.8031746031746032,1.1717338339949492
26,04eb385e0dc05b5e501e13c5b291973c72872f101b353ac8de427900e1b053b6,hungarian_astar,15,20,0.05,1,25,250.0,12,0,0.0,1.1474106809982914
27,1b8fd7509fc8075625987c015239509ed10f0774b1be13d63da4271dfdf41724,manhattan_greedy,15,20,0.05,1,28,418.0,13,2,0.75,0.09303241699672071
27,1b8fd7509fc8075625987c015239509ed10f0774b1be13d63da4271dfdf41724,path_cost_greedy,15,20,0.05,1,28,417.0,13,3,0.7642857142857142,1.5141338220055331
27,1b8fd7509fc8075625987c015239509ed10f0774b1be13d63da4271dfdf41724,hungarian_astar,15,20,0.05,1,23,138.0,13,0,0.0,1.2075632410051185
28,a3258631048c751fb6c11a7737b5e4147ae8668820112f9b19d06c99b76fb7b2,manhattan_greedy,15,20,0.05,1,37,541.0,11,14,0.7765765765765765,0.2022595949965762
28,a3258631048c751fb6c11a7737b5e4147ae8668820112f9b19d06c99b76fb7b2,path_cost_greedy,15,20,0.05,1,37,541.0,11,14,0.7765765765765765,2.195333582996682
28,a3258631048c751fb6c11a7737b5e4147ae8668820112f9b19d06c99b76fb7b2,hungarian_astar,15,20,0.05,1,18,152.0,12,0,0.0,1.4831376199945225
29,58b5084c1c468c7c80be2476018e5898be3c679ddd612a3d4570728b1de33f20,manhattan_greedy,15,20,0.05,1,33,478.0,11,17,0.692929292929293,0.19380600499425782
29,58b5084c1c468c7c80be2476018e5898be3c679ddd612a3d4570728b1de33f20,path_cost_greedy,15,20,0.05,1,33,480.0,11,15,0.692929292929293,2.704108906997135
29,58b5084c1c468c7c80be2476018e5898be3c679ddd612a3d4570728b1de33f20,hungarian_astar,15,20,0.05,1,19,155.0,14,0,0.0,1.9182826639953419
0,056a92bf2eec0ba90afbb6a0e917e57cadc642adae5a90e0ba5042d7046ec7a4,manhattan_greedy,15,20,0.1,1,42,607.0,12,23,0.780952380952381,0.06372740199731197
0,056a92bf2eec0ba90afbb6a0e917e57cadc642adae5a90e0ba5042d7046ec7a4,path_cost_greedy,15,20,0.1,1,37,541.0,12,14,0.7747747747747747,0.7810001899997587
0,056a92bf2eec0ba90afbb6a0e917e57cadc642adae5a90e0ba5042d7046ec7a4,hungarian_astar,15,20,0.1,1,27,164.0,12,0,0.0,0.8283846220001578
1,bdda24c1f19d261027ec89f33b76e8299ee5b23c6f39ef47455dc36c7f6317a1,manhattan_greedy,15,20,0.1,1,25,364.0,11,11,0.672,0.08418232099938905
1,bdda24c1f19d261027ec89f33b76e8299ee5b23c6f39ef47455dc36c7f6317a1,path_cost_greedy,15,20,0.1,1,25,361.0,12,14,0.64,1.4679951590005658
1,bdda24c1f19d261027ec89f33b76e8299ee5b23c6f39ef47455dc36c7f6317a1,hungarian_astar,15,20,0.1,1,15,165.0,15,0,0.0,1.4080710929993074
2,8262bc653c04583cbbd38bc65f476864832e2b57475a965b764d08eec4e42507,manhattan_greedy,15,20,0.1,1,31,450.0,11,15,0.7053763440860215,0.14588584400189575
2,8262bc653c04583cbbd38bc65f476864832e2b57475a965b764d08eec4e42507,path_cost_greedy,15,20,0.1,1,31,456.0,11,9,0.7290322580645161,2.1289748799972585
2,8262bc653c04583cbbd38bc65f476864832e2b57475a965b764d08eec4e42507,hungarian_astar,15,20,0.1,1,23,175.0,12,0,0.0,1.707696442004817
3,b84d311f9c4b2796b7b5398505b9d51b5b94b8337fe7908ad42db7b514dcd1df,manhattan_greedy,15,20,0.1,1,24,347.0,10,13,0.675,0.03826567400392378
3,b84d311f9c4b2796b7b5398505b9d51b5b94b8337fe7908ad42db7b514dcd1df,path_cost_greedy,15,20,0.1,1,24,347.0,10,13,0.6611111111111111,1.2370723450003425
3,b84d311f9c4b2796b7b5398505b9d51b5b94b8337fe7908ad42db7b514dcd1df,hungarian_astar,15,20,0.1,1,18,168.0,12,1,0.0,1.35993529100233
4,9d425903fcfb7ec716c81760b0f54349dd00b5161792b25afa4b73bb844556d7,manhattan_greedy,15,20,0.1,1,27,398.0,10,7,0.7061728395061728,0.0718292579986155
4,9d425903fcfb7ec716c81760b0f54349dd00b5161792b25afa4b73bb844556d7,path_cost_greedy,15,20,0.1,1,26,382.0,10,8,0.717948717948718,1.9716226710006595
4,9d425903fcfb7ec716c81760b0f54349dd00b5161792b25afa4b73bb844556d7,hungarian_astar,15,20,0.1,1,20,197.0,12,2,0.0,1.9268222039972898
5,d60f5c9acf06abb6e7982cf4dced2a723681ef836bc6a74db8ae99b24b4f4405,manhattan_greedy,15,20,0.1,1,18,265.0,11,5,0.5851851851851851,0.08036298600200098
5,d60f5c9acf06abb6e7982cf4dced2a723681ef836bc6a74db8ae99b24b4f4405,path_cost_greedy,15,20,0.1,1,18,265.0,11,5,0.5851851851851851,2.40537856699666
5,d60f5c9acf06abb6e7982cf4dced2a723681ef836bc6a74db8ae99b24b4f4405,hungarian_astar,15,20,0.1,1,17,171.0,13,0,0.0,2.4867660449963296
6,480ff92b4efbc1160d5bd3a62179f7a0491f155ff79a22f314ede05407d6ef0b,manhattan_greedy,15,20,0.1,1,36,522.0,10,18,0.7333333333333333,0.11968909599818289
6,480ff92b4efbc1160d5bd3a62179f7a0491f155ff79a22f314ede05407d6ef0b,path_cost_greedy,15,20,0.1,1,36,520.0,10,20,0.7333333333333333,3.138145388002158
6,480ff92b4efbc1160d5bd3a62179f7a0491f155ff79a22f314ede05407d6ef0b,hungarian_astar,15,20,0.1,1,26,194.0,12,1,0.0,2.556158162005886
7,a49faa0d5f86fb94456f650c96e2324cf43e5d0b301946bd7012bad737a4df64,manhattan_greedy,15,20,0.1,1,18,262.0,12,8,0.4888888888888889,0.06696671299869195
7,a49faa0d5f86fb94456f650c96e2324cf43e5d0b301946bd7012bad737a4df64,path_cost_greedy,15,20,0.1,1,18,268.0,12,2,0.5333333333333333,1.8102664130055928
7,a49faa0d5f86fb94456f650c96e2324cf43e5d0b301946bd7012bad737a4df64,hungarian_astar,15,20,0.1,1,16,168.0,12,0,0.0,1.5371326219974435
8,e5f40f262e7e6f21b360bd0297ac966f4ab9bd6efb319475d3f32c41f80e2df4,manhattan_greedy,15,20,0.1,1,46,637.0,11,53,0.8159420289855073,0.18679050799983088
8,e5f40f262e7e6f21b360bd0297ac966f4ab9bd6efb319475d3f32c41f80e2df4,path_cost_greedy,15,20,0.1,1,34,483.0,11,27,0.7509803921568627,2.62465331400017
8,e5f40f262e7e6f21b360bd0297ac966f4ab9bd6efb319475d3f32c41f80e2df4,hungarian_astar,15,20,0.1,1,26,219.0,12,0,0.0,3.486824693995004
9,5773c853167d50f16222671fb51cd75d49bfe1f7a91968e999337c61c0e52c03,manhattan_greedy,15,20,0.1,1,39,568.0,12,17,0.7572649572649572,0.15272024500154657
9,5773c853167d50f16222671fb51cd75d49bfe1f7a91968e999337c61c0e52c03,path_cost_greedy,15,20,0.1,1,39,567.0,12,18,0.7452991452991453,2.284024559005047
9,5773c853167d50f16222671fb51cd75d49bfe1f7a91968e999337c61c0e52c03,hungarian_astar,15,20,0.1,1,19,159.0,14,0,0.0,2.149571248999564
10,ea9bc2a69e6ed1e6cf503e041a955f53a324b99e72f17c90ac5a5e6c371efb9c,manhattan_greedy,15,20,0.1,1,25,368.0,13,7,0.7173333333333334,0.1092202149957302
10,ea9bc2a69e6ed1e6cf503e041a955f53a324b99e72f17c90ac5a5e6c371efb9c,path_cost_greedy,15,20,0.1,1,25,369.0,12,6,0.7333333333333333,1.6293159979977645
10,ea9bc2a69e6ed1e6cf503e041a955f53a324b99e72f17c90ac5a5e6c371efb9c,hungarian_astar,15,20,0.1,1,20,188.0,13,0,0.0,2.205274804997316
11,e73bd265e5f3de198a384755188f8ee8e17e6e7951ace1440c06caf175744097,manhattan_greedy,15,20,0.1,1,35,500.0,11,25,0.7504761904761905,0.41406869800266577
11,e73bd265e5f3de198a384755188f8ee8e17e6e7951ace1440c06caf175744097,path_cost_greedy,15,20,0.1,1,37,535.0,9,20,0.772972972972973,4.061548853998829
11,e73bd265e5f3de198a384755188f8ee8e17e6e7951ace1440c06caf175744097,hungarian_astar,15,20,0.1,1,22,176.0,14,0,0.0,1.8077146950017777
12,092beef3a4bdc4dfad02bf036d6f8afc74d0e15ad9970131a01bc19e4df2f522,manhattan_greedy,15,20,0.1,1,26,374.0,10,16,0.6641025641025641,0.049318317003780976
12,092beef3a4bdc4dfad02bf036d6f8afc74d0e15ad9970131a01bc19e4df2f522,path_cost_greedy,15,20,0.1,1,26,375.0,10,15,0.6615384615384615,1.5394363700033864
12,092beef3a4bdc4dfad02bf036d6f8afc74d0e15ad9970131a01bc19e4df2f522,hungarian_astar,15,20,0.1,1,15,158.0,13,0,0.0,1.738617285998771
13,049e9ca8900beda54d3f4d0286b994a75da3d8e663e541f2ff5d573e0894cb91,manhattan_greedy,15,20,0.1,1,36,523.0,10,17,0.7296296296296296,0.16712320999795338
13,049e9ca8900beda54d3f4d0286b994a75da3d8e663e541f2ff5d573e0894cb91,path_cost_greedy,15,20,0.1,1,36,523.0,10,17,0.7296296296296296,3.6334688319984707
13,049e9ca8900beda54d3f4d0286b994a75da3d8e663e541f2ff5d573e0894cb91,hungarian_astar,15,20,0.1,1,33,229.0,13,2,0.0,6.6759754779996
14,e2b1d63194a64ca8af159d600a45e21f723e0175be1c5fd115ccb79bbf26ce83,manhattan_greedy,15,20,0.1,1,36,521.0,8,19,0.725925925925926,0.8570149869992747
14,e2b1d63194a64ca8af159d600a45e21f723e0175be1c5fd115ccb79bbf26ce83,path_cost_greedy,15,20,0.1,1,36,524.0,9,16,0.7388888888888889,4.966523174996837
14,e2b1d63194a64ca8af159d600a45e21f723e0175be1c5fd115ccb79bbf26ce83,hungarian_astar,15,20,0.1,1,30,202.0,14,0,0.0,3.77898567700322
15,14f8c522639c97758018f2dac016320f52f4599a6250c39bb097f51f64840d4b,manhattan_greedy,15,20,0.1,1,34,494.0,10,16,0.7196078431372549,0.1315546340047149
15,14f8c522639c97758018f2dac016320f52f4599a6250c39bb097f51f64840d4b,path_cost_greedy,15,20,0.1,1,37,536.0,10,19,0.7495495495495496,2.3919556879991433
15,14f8c522639c97758018f2dac016320f52f4599a6250c39bb097f51f64840d4b,hungarian_astar,15,20,0.1,1,22,209.0,14,0,0.0,2.6262872359948233
16,fb230b4bbeeadafa218d3714ab3c3decb74db05f289a9abfc5b8a027a4dda520,manhattan_greedy,15,20,0.1,1,27,403.0,8,2,0.6641975308641975,0.2727106949969311
16,fb230b4bbeeadafa218d3714ab3c3decb74db05f289a9abfc5b8a027a4dda520,path_cost_greedy,15,20,0.1,1,27,402.0,8,3,0.6592592592592592,7.3054161590043805
16,fb230b4bbeeadafa218d3714ab3c3decb74db05f289a9abfc5b8a027a4dda520,hungarian_astar,15,20,0.1,1,22,215.0,13,0,0.0,9.58999914600281
17,f7b757f2befc3dcae7c4f2cb05b3c4990ee8f96e972c37a2329fcc5f4e0a70de,manhattan_greedy,15,20,0.1,1,26,371.0,11,19,0.6461538461538462,0.26437819599959766
17,f7b757f2befc3dcae7c4f2cb05b3c4990ee8f96e972c37a2329fcc5f4e0a70de,path_cost_greedy,15,20,0.1,1,26,371.0,11,19,0.6461538461538462,8.209037272994465
17,f7b757f2befc3dcae7c4f2cb05b3c4990ee8f96e972c37a2329fcc5f4e0a70de,hungarian_astar,15,20,0.1,1,22,169.0,13,3,0.0,5.627038771999651
18,f38e34be0908643cde4796fd0219276299c6e454b6fe9084764747b1a4fd0afc,manhattan_greedy,15,20,0.1,1,23,335.0,12,10,0.6202898550724638,0.15711156900215428
18,f38e34be0908643cde4796fd0219276299c6e454b6fe9084764747b1a4fd0afc,path_cost_greedy,15,20,0.1,1,23,335.0,12,10,0.6173913043478261,5.123192459002894
18,f38e34be0908643cde4796fd0219276299c6e454b6fe9084764747b1a4fd0afc,hungarian_astar,15,20,0.1,1,18,153.0,13,1,0.0,4.215347634002683
19,280ac846d2dd55898fb4b6f2d11b5f79978f50b6e79ee0d6e7f19aba298331cb,manhattan_greedy,15,20,0.1,1,34,502.0,12,8,0.7215686274509804,0.43539509199763415
19,280ac846d2dd55898fb4b6f2d11b5f79978f50b6e79ee0d6e7f19aba298331cb,path_cost_greedy,15,20,0.1,1,34,501.0,12,9,0.7352941176470589,3.870984575994953
19,280ac846d2dd55898fb4b6f2d11b5f79978f50b6e79ee0d6e7f19aba298331cb,hungarian_astar,15,20,0.1,1,22,148.0,14,0,0.0,4.5384059169955435
20,5fb3c1180281e426eedd7869fc500c2a82007cffa52e76ed3da12cf6f0abf81e,manhattan_greedy,15,20,0.1,1,28,413.0,9,7,0.6476190476190476,0.19438240100134863
20,5fb3c1180281e426eedd7869fc500c2a82007cffa52e76ed3da12cf6f0abf81e,path_cost_greedy,15,20,0.1,1,28,413.0,9,7,0.6619047619047619,3.5334476419957355
20,5fb3c1180281e426eedd7869fc500c2a82007cffa52e76ed3da12cf6f0abf81e,hungarian_astar,15,20,0.1,1,21,192.0,11,0,0.0,2.943629895999038
21,a2d5d8a1631e494b772882dae1a23c6415b48161996291eeb36d6a7ff31ca8d7,manhattan_greedy,15,20,0.1,1,23,340.0,11,5,0.5884057971014492,0.23338254199916264
21,a2d5d8a1631e494b772882dae1a23c6415b48161996291eeb36d6a7ff31ca8d7,path_cost_greedy,15,20,0.1,1,23,340.0,11,5,0.6173913043478261,4.254349675000412
21,a2d5d8a1631e494b772882dae1a23c6415b48161996291eeb36d6a7ff31ca8d7,hungarian_astar,15,20,0.1,1,21,190.0,14,0,0.0,5.38086869000108
22,a105924e81ac6bd1c48952fbd1c3ddded2c53c9f19b070c4a025d4507d7a60df,manhattan_greedy,15,20,0.1,1,32,471.0,13,9,0.7270833333333333,0.17955244699987816
22,a105924e81ac6bd1c48952fbd1c3ddded2c53c9f19b070c4a025d4507d7a60df,path_cost_greedy,15,20,0.1,1,32,473.0,13,7,0.7375,7.101189086999511
22,a105924e81ac6bd1c48952fbd1c3ddded2c53c9f19b070c4a025d4507d7a60df,hungarian_astar,15,20,0.1,1,23,181.0,13,1,0.0,10.612276182000642
23,233049f7db77814ac8ee01ca0cfad7edda9ba6f2aeb097dcdb787e5626949406,manhattan_greedy,15,20,0.1,1,30,436.0,10,14,0.7244444444444444,1.2841312529999414
23,233049f7db77814ac8ee01ca0cfad7edda9ba6f2aeb097dcdb787e5626949406,path_cost_greedy,15,20,0.1,1,30,433.0,10,17,0.7333333333333333,8.440972270000202
23,233049f7db77814ac8ee01ca0cfad7edda9ba6f2aeb097dcdb787e5626949406,hungarian_astar,15,20,0.1,1,25,141.0,14,0,0.0,4.688789164996706
24,053b819b5888cedbce3b02db3ea6a9c19bf6831615ba209dd841b41e10f5a5d2,manhattan_greedy,15,20,0.1,1,43,600.0,11,45,0.786046511627907,0.46145818100194447
24,053b819b5888cedbce3b02db3ea6a9c19bf6831615ba209dd841b41e10f5a5d2,path_cost_greedy,15,20,0.1,1,43,611.0,12,34,0.7689922480620155,8.464121017001162
24,053b819b5888cedbce3b02db3ea6a9c19bf6831615ba209dd841b41e10f5a5d2,hungarian_astar,15,20,0.1,1,23,190.0,13,0,0.0,10.577167174000351
25,a3eb67c20246c28427ddb045c89c2d716639e902d67a06cff5c87f4900807607,manhattan_greedy,15,20,0.1,1,30,422.0,13,28,0.6622222222222223,0.24929350199818145
25,a3eb67c20246c28427ddb045c89c2d716639e902d67a06cff5c87f4900807607,path_cost_greedy,15,20,0.1,1,30,416.0,12,34,0.7,7.754184183002508
25,a3eb67c20246c28427ddb045c89c2d716639e902d67a06cff5c87f4900807607,hungarian_astar,15,20,0.1,1,22,210.0,13,0,0.0,7.061746350998874
26,96c138b85faba1d15c66042df29750b46e896afa99ec912e4a761253a4f5de4c,manhattan_greedy,15,20,0.1,1,31,459.0,9,6,0.7032258064516129,0.22987932399701094
26,96c138b85faba1d15c66042df29750b46e896afa99ec912e4a761253a4f5de4c,path_cost_greedy,15,20,0.1,1,31,463.0,9,2,0.7204301075268817,4.328194755995355
26,96c138b85faba1d15c66042df29750b46e896afa99ec912e4a761253a4f5de4c,hungarian_astar,15,20,0.1,1,24,213.0,10,0,0.0,5.032986021004035
27,1d1a9c84dd3abbfec8cd9b3296530d8e1e26cc7e2812082a382ca53238469337,manhattan_greedy,15,20,0.1,1,21,309.0,11,6,0.7333333333333333,0.19110500199894886
27,1d1a9c84dd3abbfec8cd9b3296530d8e1e26cc7e2812082a382ca53238469337,path_cost_greedy,15,20,0.1,1,21,309.0,11,6,0.7365079365079366,2.303089496999746
27,1d1a9c84dd3abbfec8cd9b3296530d8e1e26cc7e2812082a382ca53238469337,hungarian_astar,15,20,0.1,1,21,134.0,13,0,0.0,2.148673771000176
28,dc0e24e30a413b2769484a2694eb52a2457014b40efb22b5d62a9f193d9a4a5f,manhattan_greedy,15,20,0.1,1,51,722.0,11,43,0.8130718954248366,0.436967187000846
28,dc0e24e30a413b2769484a2694eb52a2457014b40efb22b5d62a9f193d9a4a5f,path_cost_greedy,15,20,0.1,1,51,722.0,11,43,0.8130718954248366,5.289643673000683
28,dc0e24e30a413b2769484a2694eb52a2457014b40efb22b5d62a9f193d9a4a5f,hungarian_astar,15,20,0.1,1,25,194.0,12,3,0.0,4.730592471001728
29,ad1f7f80b2ceffbb7ffeaa0ad9b8a5134cda57dd2f389da709c6bddd64d7a8d1,manhattan_greedy,15,20,0.1,1,30,441.0,12,9,0.6755555555555556,0.5443481949987472
29,ad1f7f80b2ceffbb7ffeaa0ad9b8a5134cda57dd2f389da709c6bddd64d7a8d1,path_cost_greedy,15,20,0.1,1,30,442.0,12,8,0.6755555555555556,8.1500683369959
29,ad1f7f80b2ceffbb7ffeaa0ad9b8a5134cda57dd2f389da709c6bddd64d7a8d1,hungarian_astar,15,20,0.1,1,19,150.0,14,1,0.0,7.293740737994085
0,67f310ab74d72b37e760bf81d40e2e4b139589ef343a05f62b1dde44b2d1cd76,manhattan_greedy,15,20,0.15,1,35,511.0,10,14,0.699047619047619,0.20256008799333358
0,67f310ab74d72b37e760bf81d40e2e4b139589ef343a05f62b1dde44b2d1cd76,path_cost_greedy,15,20,0.15,1,49,712.0,10,23,0.782312925170068,4.806416008999804
0,67f310ab74d72b37e760bf81d40e2e4b139589ef343a05f62b1dde44b2d1cd76,hungarian_astar,15,20,0.15,1,22,206.0,12,0,0.0,3.6247511799956555
1,9f21a296fd3b402f30787c233fc94151b11543eabe36f5148b27ef36f38ec260,manhattan_greedy,15,20,0.15,1,32,469.0,11,11,0.7395833333333334,0.56342459100415
1,9f21a296fd3b402f30787c233fc94151b11543eabe36f5148b27ef36f38ec260,path_cost_greedy,15,20,0.15,1,32,466.0,11,14,0.7270833333333333,5.868341494999186
1,9f21a296fd3b402f30787c233fc94151b11543eabe36f5148b27ef36f38ec260,hungarian_astar,15,20,0.15,1,19,186.0,12,0,0.0,4.810489850002341
2,363aa2d390633eba384126b5994a98f4bc60b6d612c9c53c276d5a8d1942628a,manhattan_greedy,15,20,0.15,1,32,463.0,11,17,0.6770833333333334,0.17550408399984008
2,363aa2d390633eba384126b5994a98f4bc60b6d612c9c53c276d5a8d1942628a,path_cost_greedy,15,20,0.15,1,32,451.0,11,29,0.6479166666666667,3.3868009819998406
2,363aa2d390633eba384126b5994a98f4bc60b6d612c9c53c276d5a8d1942628a,hungarian_astar,15,20,0.15,1,21,176.0,13,1,0.0,2.8597259750022204
3,04a3e00243db8932db7ed92918220b189d96bfc7d8e5761e664aa10d72390fa8,manhattan_greedy,15,20,0.15,1,32,469.0,10,11,0.6770833333333334,0.17849366099835606
3,04a3e00243db8932db7ed92918220b189d96bfc7d8e5761e664aa10d72390fa8,path_cost_greedy,15,20,0.15,1,32,474.0,10,6,0.69375,3.9509907479950925
3,04a3e00243db8932db7ed92918220b189d96bfc7d8e5761e664aa10d72390fa8,hungarian_astar,15,20,0.15,1,23,169.0,13,0,0.0,3.326190202998987
4,8e9d0057f658234f80e1a159aef35ee93e75fff4a40d901f2d1f6e1a0cc3fe9e,manhattan_greedy,15,20,0.15,1,39,577.0,10,8,0.7658119658119659,0.14345956300530815
4,8e9d0057f658234f80e1a159aef35ee93e75fff4a40d901f2d1f6e1a0cc3fe9e,path_cost_greedy,15,20,0.15,1,39,568.0,9,17,0.770940170940171,2.6732235029994627
4,8e9d0057f658234f80e1a159aef35ee93e75fff4a40d901f2d1f6e1a0cc3fe9e,hungarian_astar,15,20,0.15,1,23,217.0,12,0,0.0,2.9705717929973616
5,73d0ce99353d4ff48699bf518394491d0588978347f9515ed9cd9e2e6fe5ec92,manhattan_greedy,15,20,0.15,1,39,565.0,12,20,0.7435897435897436,0.3593331779993605
5,73d0ce99353d4ff48699bf518394491d0588978347f9515ed9cd9e2e6fe5ec92,path_cost_greedy,15,20,0.15,1,36,529.0,11,11,0.7407407407407407,4.426793805003399
5,73d0ce99353d4ff48699bf518394491d0588978347f9515ed9cd9e2e6fe5ec92,hungarian_astar,15,20,0.15,1,19,150.0,14,0,0.0,2.5399513119991752
6,daf439c28a31e82887d7ca1f9769f7b3e3cc9b52a31b56f98e73886a5ab0e50f,manhattan_greedy,15,20,0.15,1,22,320.0,13,10,0.6060606060606061,0.06032125400088262
6,daf439c28a31e82887d7ca1f9769f7b3e3cc9b52a31b56f98e73886a5ab0e50f,path_cost_greedy,15,20,0.15,1,22,314.0,13,16,0.6333333333333333,1.8874909060032223
6,daf439c28a31e82887d7ca1f9769f7b3e3cc9b52a31b56f98e73886a5ab0e50f,hungarian_astar,15,20,0.15,1,22,168.0,12,0,0.0,1.5109971040001255
7,608d431e0282acd967d0cf28479c6b168f285f9293c8aabb07edc6084d0982fd,manhattan_greedy,15,20,0.15,1,30,430.0,10,20,0.6444444444444445,0.11225241100328276
7,608d431e0282acd967d0cf28479c6b168f285f9293c8aabb07edc6084d0982fd,path_cost_greedy,15,20,0.15,1,30,425.0,10,25,0.6577777777777778,2.990237949998118
7,608d431e0282acd967d0cf28479c6b168f285f9293c8aabb07edc6084d0982fd,hungarian_astar,15,20,0.15,1,20,198.0,11,2,0.0,2.7238540339967585
8,24e8f79d8c8b93bb78b442551f485d0bf42f9c3004483e6ab4db12b3751dcfbc,manhattan_greedy,15,20,0.15,1,41,602.0,10,13,0.7869918699186992,0.2815662089997204
8,24e8f79d8c8b93bb78b442551f485d0bf42f9c3004483e6ab4db12b3751dcfbc,path_cost_greedy,15,20,0.15,1,41,599.0,11,16,0.7902439024390244,3.8516779559940915
8,24e8f79d8c8b93bb78b442551f485d0bf42f9c3004483e6ab4db12b3751dcfbc,hungarian_astar,15,20,0.15,1,27,171.0,13,0,0.0,2.9090367289973074
9,9b17ddbf431dd4fa5c7c96f6a7b13b174b4283fd692e275d0bb7b6393b4d260b,manhattan_greedy,15,20,0.15,1,27,395.0,13,10,0.6987654320987654,0.14480595200438984
9,9b17ddbf431dd4fa5c7c96f6a7b13b174b4283fd692e275d0bb7b6393b4d260b,path_cost_greedy,15,20,0.15,1,27,395.0,13,10,0.7037037037037037,2.50342495500081
9,9b17ddbf431dd4fa5c7c96f6a7b13b174b4283fd692e275d0bb7b6393b4d260b,hungarian_astar,15,20,0.15,1,21,142.0,14,0,0.0,2.3012311400016188
10,72171f08d56cfd682a8b873ddd00a79d17c0a3aeff4ed66488a16c38d6e3444b,manhattan_greedy,15,20,0.15,1,41,596.0,12,19,0.7382113821138211,0.17936158199881902
10,72171f08d56cfd682a8b873ddd00a79d17c0a3aeff4ed66488a16c38d6e3444b,path_cost_greedy,15,20,0.15,1,41,598.0,12,17,0.7479674796747967,2.266906992001168
10,72171f08d56cfd682a8b873ddd00a79d17c0a3aeff4ed66488a16c38d6e3444b,hungarian_astar,15,20,0.15,1,24,196.0,12,0,0.0,1.9895517269978882
11,03316ca81f02b8307d09b8696444b6ed1e7c460c583a3c59e820b819eb3ad0ef,manhattan_greedy,15,20,0.15,1,22,326.0,10,4,0.6212121212121212,0.05894901399733499
11,03316ca81f02b8307d09b8696444b6ed1e7c460c583a3c59e820b819eb3ad0ef,path_cost_greedy,15,20,0.15,1,19,281.0,11,4,0.5859649122807018,2.4535541150034987
11,03316ca81f02b8307d09b8696444b6ed1e7c460c583a3c59e820b819eb3ad0ef,hungarian_astar,15,20,0.15,1,19,162.0,12,0,0.0,2.3049146339981235
12,1980eec0030cd519fc8e3bf2318759d76a27d9f1022b061bdc0ca6178b82f2bc,manhattan_greedy,15,20,0.15,1,32,468.0,11,12,0.7125,0.21165007800300373
12,1980eec0030cd519fc8e3bf2318759d76a27d9f1022b061bdc0ca6178b82f2bc,path_cost_greedy,15,20,0.15,1,32,471.0,11,9,0.7270833333333333,2.9749641310045263
12,1980eec0030cd519fc8e3bf2318759d76a27d9f1022b061bdc0ca6178b82f2bc,hungarian_astar,15,20,0.15,1,18,166.0,12,0,0.0,2.0708344859958743
13,ba06e451de6864af194cd0933a660d63c41cc87591651b3416e8180016818ba9,manhattan_greedy,15,20,0.15,1,38,559.0,11,11,0.7403508771929824,0.17880774999503046
13,ba06e451de6864af194cd0933a660d63c41cc87591651b3416e8180016818ba9,path_cost_greedy,15,20,0.15,1,38,560.0,11,10,0.7385964912280701,2.374585973993817
13,ba06e451de6864af194cd0933a660d63c41cc87591651b3416e8180016818ba9,hungarian_astar,15,20,0.15,1,26,220.0,12,2,0.0,2.150160696997773
14,8df252f341923ef16f4ab558e68374a8e1656015940827ae733bfb80cff72e52,manhattan_greedy,15,20,0.15,1,45,609.0,11,66,0.8014814814814815,0.4269871259966749
14,8df252f341923ef16f4ab558e68374a8e1656015940827ae733bfb80cff72e52,path_cost_greedy,15,20,0.15,1,45,611.0,11,64,0.8044444444444444,4.010458304997883
14,8df252f341923ef16f4ab558e68374a8e1656015940827ae733bfb80cff72e52,hungarian_astar,15,20,0.15,1,26,183.0,13,0,0.0,3.0123536590035656
15,e0bf52a2f6a922487129dd8a2e76c16eade2d379a29fb3df2eb6c7e477665e0f,manhattan_greedy,15,20,0.15,1,29,432.0,12,3,0.6896551724137931,0.1337623250001343
15,e0bf52a2f6a922487129dd8a2e76c16eade2d379a29fb3df2eb6c7e477665e0f,path_cost_greedy,15,20,0.15,1,29,434.0,12,1,0.7011494252873564,2.1138752609986113
15,e0bf52a2f6a922487129dd8a2e76c16eade2d379a29fb3df2eb6c7e477665e0f,hungarian_astar,15,20,0.15,1,21,185.0,14,0,0.0,2.7470437079973635
16,10d8939dca6ffcfadabb9712f17df3ff0f56a307155e12c85bcb88c26ce89606,manhattan_greedy,15,20,0.15,1,21,309.0,13,6,0.5746031746031746,0.13255336099973647
16,10d8939dca6ffcfadabb9712f17df3ff0f56a307155e12c85bcb88c26ce89606,path_cost_greedy,15,20,0.15,1,34,479.0,12,31,0.7137254901960784,4.029153301999031
16,10d8939dca6ffcfadabb9712f17df3ff0f56a307155e12c85bcb88c26ce89606,hungarian_astar,15,20,0.15,1,21,168.0,14,0,0.0,2.4088693110024906
17,6db9ead3f396c45e7c5aa571faee7c6928d4c4687d7f21977268c52bd16ad94b,manhattan_greedy,15,20,0.15,1,31,453.0,13,12,0.7075268817204301,0.26803375800227514
17,6db9ead3f396c45e7c5aa571faee7c6928d4c4687d7f21977268c52bd16ad94b,path_cost_greedy,15,20,0.15,1,31,455.0,13,10,0.7075268817204301,3.128968099001213
17,6db9ead3f396c45e7c5aa571faee7c6928d4c4687d7f21977268c52bd16ad94b,hungarian_astar,15,20,0.15,1,21,188.0,13,0,0.0,2.676347328000702
18,e2ff74cc76b545e72ea1d2c138c12901763d04f7bc34f358b81ce718b1a0c167,manhattan_greedy,15,20,0.15,1,29,425.0,12,10,0.7333333333333333,0.19540678900375497
18,e2ff74cc76b545e72ea1d2c138c12901763d04f7bc34f358b81ce718b1a0c167,path_cost_greedy,15,20,0.15,1,29,425.0,12,10,0.7333333333333333,3.071496816002764
18,e2ff74cc76b545e72ea1d2c138c12901763d04f7bc34f358b81ce718b1a0c167,hungarian_astar,15,20,0.15,1,23,165.0,13,0,0.0,3.4305926759989234
19,a0413901302dc3cf9604bd3f34568da608eb5af6a98a250fdd24667c1a8f52d5,manhattan_greedy,15,20,0.15,1,34,480.0,12,30,0.7764705882352941,0.16791641800227808
19,a0413901302dc3cf9604bd3f34568da608eb5af6a98a250fdd24667c1a8f52d5,path_cost_greedy,15,20,0.15,1,34,472.0,12,38,0.7647058823529411,1.8336487030028366
19,a0413901302dc3cf9604bd3f34568da608eb5af6a98a250fdd24667c1a8f52d5,hungarian_astar,15,20,0.15,1,22,141.0,15,1,0.0,1.217479724000441
20,87cc0190d0742861823547acabb2fcf5599b1cfb1845a52fcd2e4d9b40926cc6,manhattan_greedy,15,20,0.15,1,29,430.0,10,5,0.6804597701149425,0.0904009540026891
20,87cc0190d0742861823547acabb2fcf5599b1cfb1845a52fcd2e4d9b40926cc6,path_cost_greedy,15,20,0.15,1,29,429.0,9,6,0.6850574712643678,1.8967012579960283
20,87cc0190d0742861823547acabb2fcf5599b1cfb1845a52fcd2e4d9b40926cc6,hungarian_astar,15,20,0.15,1,27,199.0,11,0,0.0,2.4100426099976175
21,0f580a88933d4bed1cf05f3a6d63c2bd49eea2dd7eb426aedcb5678a8c14dc9a,manhattan_greedy,15,20,0.15,1,26,383.0,12,7,0.5666666666666667,0.10174667200044496
21,0f580a88933d4bed1cf05f3a6d63c2bd49eea2dd7eb426aedcb5678a8c14dc9a,path_cost_greedy,15,20,0.15,1,29,424.0,11,11,0.6482758620689655,3.945449427999847
21,0f580a88933d4bed1cf05f3a6d63c2bd49eea2dd7eb426aedcb5678a8c14dc9a,hungarian_astar,15,20,0.15,1,20,197.0,11,0,0.0,3.018952377999085
22,b52f55e1d53c6b3594576fc8aa3edc1ba4c732eb07b09b914df45c78b8d8bb57,manhattan_greedy,15,20,0.15,1,19,280.0,12,5,0.5719298245614035,0.046347755000169855
22,b52f55e1d53c6b3594576fc8aa3edc1ba4c732eb07b09b914df45c78b8d8bb57,path_cost_greedy,15,20,0.15,1,19,280.0,12,5,0.5684210526315789,1.6135001110014855
22,b52f55e1d53c6b3594576fc8aa3edc1ba4c732eb07b09b914df45c78b8d8bb57,hungarian_astar,15,20,0.15,1,17,145.0,14,0,0.0,1.6562233559961896
23,fd6aeb5b954af462955c88d56f3620214095d9b32640741b884fc76da237a154,manhattan_greedy,15,20,0.15,1,54,786.0,13,24,0.8320987654320988,0.9233285789960064
23,fd6aeb5b954af462955c88d56f3620214095d9b32640741b884fc76da237a154,path_cost_greedy,15,20,0.15,1,54,787.0,13,23,0.8037037037037037,6.045850960996177
23,fd6aeb5b954af462955c88d56f3620214095d9b32640741b884fc76da237a154,hungarian_astar,15,20,0.15,1,29,204.0,14,0,0.0,4.9710460280039115
24,371b6d8314b231451f3dbfc5a441ceea0acbc60f918c1a24a3293a8a10be49ef,manhattan_greedy,15,20,0.15,1,34,494.0,11,16,0.7431372549019608,0.19557668500056025
24,371b6d8314b231451f3dbfc5a441ceea0acbc60f918c1a24a3293a8a10be49ef,path_cost_greedy,15,20,0.15,1,30,438.0,13,12,0.7133333333333334,3.8104581990046427
24,371b6d8314b231451f3dbfc5a441ceea0acbc60f918c1a24a3293a8a10be49ef,hungarian_astar,15,20,0.15,1,28,177.0,15,0,0.0,4.03060237900354
25,5d5e35bcfc872676183f12b70540a2a2f050d9ddf0355830e639ba8d01678bf0,manhattan_greedy,15,20,0.15,1,41,582.0,12,33,0.7219512195121951,0.5326575760045671
25,5d5e35bcfc872676183f12b70540a2a2f050d9ddf0355830e639ba8d01678bf0,path_cost_greedy,15,20,0.15,1,41,573.0,12,42,0.7430894308943089,8.685046188998967
25,5d5e35bcfc872676183f12b70540a2a2f050d9ddf0355830e639ba8d01678bf0,hungarian_astar,15,20,0.15,1,24,214.0,14,0,0.0,10.26288389700494
26,90f88215245fd7b8a142ffb4df53a5de65d5d1bdb2112d20481ad71167fa69ae,manhattan_greedy,15,20,0.15,1,38,556.0,10,14,0.7631578947368421,0.20914464000088628
26,90f88215245fd7b8a142ffb4df53a5de65d5d1bdb2112d20481ad71167fa69ae,path_cost_greedy,15,20,0.15,1,38,558.0,9,12,0.7631578947368421,2.9640964410064043
26,90f88215245fd7b8a142ffb4df53a5de65d5d1bdb2112d20481ad71167fa69ae,hungarian_astar,15,20,0.15,1,32,240.0,10,0,0.0,2.8323222109975177
27,02f6d7fa04497dceba3a4083b14c1829671928385a67505dcb83061f4efcdbef,manhattan_greedy,15,20,0.15,1,33,467.0,10,28,0.705050505050505,0.18963876299676485
27,02f6d7fa04497dceba3a4083b14c1829671928385a67505dcb83061f4efcdbef,path_cost_greedy,15,20,0.15,1,33,471.0,9,24,0.694949494949495,3.1069642110014684
27,02f6d7fa04497dceba3a4083b14c1829671928385a67505dcb83061f4efcdbef,hungarian_astar,15,20,0.15,1,23,209.0,11,1,0.0,3.7581974060012726
28,fe63cbc5964d5083912ab1bf2afd6c86efd9eff34b394e322133a52361f00997,manhattan_greedy,15,20,0.15,1,32,439.0,10,41,0.7645833333333333,0.33371844700013753
28,fe63cbc5964d5083912ab1bf2afd6c86efd9eff34b394e322133a52361f00997,path_cost_greedy,15,20,0.15,1,32,451.0,10,29,0.7666666666666667,7.9155851829928
28,fe63cbc5964d5083912ab1bf2afd6c86efd9eff34b394e322133a52361f00997,hungarian_astar,15,20,0.15,1,21,183.0,12,1,0.0,3.754271384997992
29,138bbe6e968374c20b55177ab9aca12447856ebdc713d6ba2c7fcb3ae8ea4d45,manhattan_greedy,15,20,0.15,1,20,297.0,13,3,0.5766666666666667,0.09348337301344145
29,138bbe6e968374c20b55177ab9aca12447856ebdc713d6ba2c7fcb3ae8ea4d45,path_cost_greedy,15,20,0.15,1,20,296.0,13,4,0.5733333333333334,4.475219292988186
29,138bbe6e968374c20b55177ab9aca12447856ebdc713d6ba2c7fcb3ae8ea4d45,hungarian_astar,15,20,0.15,1,19,156.0,15,0,0.0,3.9810367680038325
0,373da5453cae534ed0e5820cb254f00ee54b9e236b910ecc507d40c86c37ed24,manhattan_greedy,15,20,0.2,1,39,561.0,11,24,0.717948717948718,0.2776952929998515
0,373da5453cae534ed0e5820cb254f00ee54b9e236b910ecc507d40c86c37ed24,path_cost_greedy,15,20,0.2,1,32,467.0,12,13,0.6979166666666666,5.1697181219933555
0,373da5453cae534ed0e5820cb254f00ee54b9e236b910ecc507d40c86c37ed24,hungarian_astar,15,20,0.2,1,28,221.0,14,0,0.0,4.740356415000861
1,d9a2b175a7a3e1c67e9d2c435d9f3d50a2255318b91a79b9d0ee145f56f73c1b,manhattan_greedy,15,20,0.2,1,37,541.0,10,14,0.7585585585585586,0.24663721599790733
1,d9a2b175a7a3e1c67e9d2c435d9f3d50a2255318b91a79b9d0ee145f56f73c1b,path_cost_greedy,15,20,0.2,1,34,492.0,11,18,0.7215686274509804,3.7758282069989946
1,d9a2b175a7a3e1c67e9d2c435d9f3d50a2255318b91a79b9d0ee145f56f73c1b,hungarian_astar,15,20,0.2,1,20,195.0,12,1,0.0,3.372348620003322
2,2c7aa5014f855d42cded0b042f5e559caf46c97c96b4ef879ce5a145ed99f338,manhattan_greedy,15,20,0.2,1,43,620.0,9,25,0.7395348837209302,0.2507858059980208
2,2c7aa5014f855d42cded0b042f5e559caf46c97c96b4ef879ce5a145ed99f338,path_cost_greedy,15,20,0.2,1,41,593.0,9,22,0.7479674796747967,3.49765465100063
2,2c7aa5014f855d42cded0b042f5e559caf46c97c96b4ef879ce5a145ed99f338,hungarian_astar,15,20,0.2,1,27,207.0,13,2,0.0,2.9116746479994617
3,2b287e1ca6dbe51a24893c7a8f39cb821fad66d6441d6040b6e3bdfc80eb40e8,manhattan_greedy,15,20,0.2,1,30,429.0,12,21,0.7511111111111111,0.12120730799506418
3,2b287e1ca6dbe51a24893c7a8f39cb821fad66d6441d6040b6e3bdfc80eb40e8,path_cost_greedy,15,20,0.2,1,30,423.0,12,27,0.7466666666666667,2.366440469006193
3,2b287e1ca6dbe51a24893c7a8f39cb821fad66d6441d6040b6e3bdfc80eb40e8,hungarian_astar,15,20,0.2,1,21,163.0,12,0,0.0,2.263150525992387
4,cdbdf308308dd71e329118a2a893e15624480f1b166789148f15f5570f62b09f,manhattan_greedy,15,20,0.2,1,40,563.0,9,37,0.755,0.19808176399965305
4,cdbdf308308dd71e329118a2a893e15624480f1b166789148f15f5570f62b09f,path_cost_greedy,15,20,0.2,1,42,597.0,9,33,0.7682539682539683,4.468313293997198
4,cdbdf308308dd71e329118a2a893e15624480f1b166789148f15f5570f62b09f,hungarian_astar,15,20,0.2,1,27,241.0,13,2,0.0,5.533558410999831
5,084842ed1c0283d8869644d15d61f080bbc611ac9eed102df56952f8d59f0d98,manhattan_greedy,15,20,0.2,1,40,577.0,9,23,0.705,0.7397365829965565
5,084842ed1c0283d8869644d15d61f080bbc611ac9eed102df56952f8d59f0d98,path_cost_greedy,15,20,0.2,1,40,583.0,9,17,0.7183333333333334,14.47965640599432
5,084842ed1c0283d8869644d15d61f080bbc611ac9eed102df56952f8d59f0d98,hungarian_astar,15,20,0.2,1,29,238.0,12,0,0.0,7.480525777005823
6,ab571899befc6e625b077ab5562b411484b2d802dfcdaab3537961193a88bc99,manhattan_greedy,15,20,0.2,1,36,517.0,12,23,0.7129629629629629,0.22149809599795844
6,ab571899befc6e625b077ab5562b411484b2d802dfcdaab3537961193a88bc99,path_cost_greedy,15,20,0.2,1,40,577.0,12,23,0.7366666666666667,5.9247802199970465
6,ab571899befc6e625b077ab5562b411484b2d802dfcdaab3537961193a88bc99,hungarian_astar,15,20,0.2,1,29,233.0,13,1,0.0,5.189942428012728
7,d44613e0ff50096643de7759e2a6ff9b9a38dacb8e42f7147d011d58eac06768,manhattan_greedy,15,20,0.2,1,23,338.0,11,7,0.6173913043478261,0.2370934339996893
7,d44613e0ff50096643de7759e2a6ff9b9a38dacb8e42f7147d011d58eac06768,path_cost_greedy,15,20,0.2,1,23,336.0,11,9,0.6173913043478261,3.7890036050084746
7,d44613e0ff50096643de7759e2a6ff9b9a38dacb8e42f7147d011d58eac06768,hungarian_astar,15,20,0.2,1,23,158.0,12,1,0.0,2.7582240140036447
8,f894db0ca9ffeb2a03a0c98851209adc13b5620ca80fd367086baecdae577100,manhattan_greedy,15,20,0.2,1,47,672.0,9,33,0.7716312056737589,0.33053667399508413
8,f894db0ca9ffeb2a03a0c98851209adc13b5620ca80fd367086baecdae577100,path_cost_greedy,15,20,0.2,1,47,672.0,9,33,0.774468085106383,8.330030348995933
8,f894db0ca9ffeb2a03a0c98851209adc13b5620ca80fd367086baecdae577100,hungarian_astar,15,20,0.2,1,23,179.0,13,0,0.0,5.410662940994371
9,c5b68cda855df34a54ff5824e57bf17637fe3922358404968f0ffe872081a926,manhattan_greedy,15,20,0.2,1,35,505.0,10,20,0.7161904761904762,0.24993879300018307
9,c5b68cda855df34a54ff5824e57bf17637fe3922358404968f0ffe872081a926,path_cost_greedy,15,20,0.2,1,23,340.0,11,5,0.591304347826087,6.060278360004304
9,c5b68cda855df34a54ff5824e57bf17637fe3922358404968f0ffe872081a926,hungarian_astar,15,20,0.2,1,22,169.0,11,1,0.0,4.022657947993139
10,dcc1a9f295482eda76eb9995bd9ae4eb1c4d01b44d5dc6ed52ad323e90716ac1,manhattan_greedy,15,20,0.2,1,45,643.0,8,32,0.7866666666666666,0.21219453700177837
10,dcc1a9f295482eda76eb9995bd9ae4eb1c4d01b44d5dc6ed52ad323e90716ac1,path_cost_greedy,15,20,0.2,1,45,640.0,8,35,0.7896296296296297,4.419780911994167
10,dcc1a9f295482eda76eb9995bd9ae4eb1c4d01b44d5dc6ed52ad323e90716ac1,hungarian_astar,15,20,0.2,1,27,259.0,11,1,0.0,3.104697174989269
11,a7d8aef04b886f8a20cc0f8a3fbc89ba1239b750d9810461f29fcf91ca3f4150,manhattan_greedy,15,20,0.2,1,50,717.0,12,33,0.764,0.6577060809941031
11,a7d8aef04b886f8a20cc0f8a3fbc89ba1239b750d9810461f29fcf91ca3f4150,path_cost_greedy,15,20,0.2,1,31,452.0,11,13,0.6731182795698925,6.414698710999801
11,a7d8aef04b886f8a20cc0f8a3fbc89ba1239b750d9810461f29fcf91ca3f4150,hungarian_astar,15,20,0.2,1,27,190.0,12,0,0.0,5.515739809998195
12,7a8e524d931398773b487a14d2285991117314ddb6d63bf0c8d28a77a51c504b,manhattan_greedy,15,20,0.2,1,31,430.0,9,35,0.6688172043010753,0.29790152100031264
12,7a8e524d931398773b487a14d2285991117314ddb6d63bf0c8d28a77a51c504b,path_cost_greedy,15,20,0.2,1,34,468.0,8,42,0.7274509803921568,10.314072627996211
12,7a8e524d931398773b487a14d2285991117314ddb6d63bf0c8d28a77a51c504b,hungarian_astar,15,20,0.2,1,20,212.0,13,0,0.0,6.656498801996349
13,98aed25e5e736f72e2a01082390ca483dfe4958333720301fed29c4428c87d35,manhattan_greedy,15,20,0.2,1,37,533.0,12,22,0.7441441441441441,0.4307343359978404
13,98aed25e5e736f72e2a01082390ca483dfe4958333720301fed29c4428c87d35,path_cost_greedy,15,20,0.2,1,48,682.0,12,38,0.8097222222222222,5.714238619999378
13,98aed25e5e736f72e2a01082390ca483dfe4958333720301fed29c4428c87d35,hungarian_astar,15,20,0.2,1,24,190.0,12,1,0.0,3.141723299995647
14,77b4aaca64e2ce9712d122b4d8dfe6bf8aa2e568d72a19493177363870fe1597,manhattan_greedy,15,20,0.2,1,40,561.0,12,39,0.7366666666666667,0.1714235420076875
14,77b4aaca64e2ce9712d122b4d8dfe6bf8aa2e568d72a19493177363870fe1597,path_cost_greedy,15,20,0.2,1,36,510.0,12,30,0.7240740740740741,3.5564427460049046
14,77b4aaca64e2ce9712d122b4d8dfe6bf8aa2e568d72a19493177363870fe1597,hungarian_astar,15,20,0.2,1,18,159.0,14,1,0.0,3.0418907839921303
15,9375cfe2eec4b264788eb9d8553e12931a7047555fa3632e2a5436593ff11ae1,manhattan_greedy,15,20,0.2,1,31,456.0,11,9,0.7161290322580646,0.2269925319997128
15,9375cfe2eec4b264788eb9d8553e12931a7047555fa3632e2a5436593ff11ae1,path_cost_greedy,15,20,0.2,1,29,426.0,12,9,0.7103448275862069,3.3093541279959027
15,9375cfe2eec4b264788eb9d8553e12931a7047555fa3632e2a5436593ff11ae1,hungarian_astar,15,20,0.2,1,22,172.0,13,0,0.0,2.7871383360034088
16,a049ff13f7b7a5a251f4dd66aa4bd77c6dbd438d6787b6d95a6c1665d8025a53,manhattan_greedy,15,20,0.2,1,19,273.0,13,12,0.5719298245614035,0.10018212799332105
16,a049ff13f7b7a5a251f4dd66aa4bd77c6dbd438d6787b6d95a6c1665d8025a53,path_cost_greedy,15,20,0.2,1,17,245.0,13,10,0.5098039215686274,3.0326004959933925
16,a049ff13f7b7a5a251f4dd66aa4bd77c6dbd438d6787b6d95a6c1665d8025a53,hungarian_astar,15,20,0.2,1,17,146.0,14,0,0.0,2.9342024590005167
17,bd48f9d88a81de539cd6c36e4efa1249e5a6f957b5f67f49c26e56c3df02bfde,manhattan_greedy,15,20,0.2,1,33,453.0,10,42,0.7090909090909091,0.3413887409988092
17,bd48f9d88a81de539cd6c36e4efa1249e5a6f957b5f67f49c26e56c3df02bfde,path_cost_greedy,15,20,0.2,1,31,423.0,12,42,0.6967741935483871,4.806898556998931
17,bd48f9d88a81de539cd6c36e4efa1249e5a6f957b5f67f49c26e56c3df02bfde,hungarian_astar,15,20,0.2,1,26,189.0,14,0,0.0,3.2464120779914083
18,2fedb82381346e79fca0ea0fe6547f431b152e58447bd4bf3d808e5d8635a789,manhattan_greedy,15,20,0.2,1,26,375.0,10,15,0.6794871794871795,0.18689167899719905
18,2fedb82381346e79fca0ea0fe6547f431b152e58447bd4bf3d808e5d8635a789,path_cost_greedy,15,20,0.2,1,26,374.0,10,16,0.676923076923077,5.633228165010223
18,2fedb82381346e79fca0ea0fe6547f431b152e58447bd4bf3d808e5d8635a789,hungarian_astar,15,20,0.2,1,22,187.0,12,4,0.0,7.051898057005019
19,b2638726003cc78f41e4c81146cca003e48e283ff1ea63934f24b69c029f00d2,manhattan_greedy,15,20,0.2,1,33,467.0,9,28,0.701010101010101,0.2118241139978636
19,b2638726003cc78f41e4c81146cca003e48e283ff1ea63934f24b69c029f00d2,path_cost_greedy,15,20,0.2,1,33,465.0,9,30,0.6868686868686869,6.677645762989414
19,b2638726003cc78f41e4c81146cca003e48e283ff1ea63934f24b69c029f00d2,hungarian_astar,15,20,0.2,1,25,216.0,12,2,0.0,7.009284409010434
20,b1a14a7f0c8df2360dbb0feeb1e68684fdb31869f272dff1da2983d0b115d4ee,manhattan_greedy,15,20,0.2,1,27,403.0,11,2,0.6172839506172839,0.19856333901407197
20,b1a14a7f0c8df2360dbb0feeb1e68684fdb31869f272dff1da2983d0b115d4ee,path_cost_greedy,15,20,0.2,1,27,402.0,11,3,0.6246913580246913,5.1609822169994
20,b1a14a7f0c8df2360dbb0feeb1e68684fdb31869f272dff1da2983d0b115d4ee,hungarian_astar,15,20,0.2,1,28,222.0,13,0,0.0,5.468643730011536
21,00bdac501a4c9641257628d2b27440d7406eec5b3ef0acb2a0c00bff5acaf731,manhattan_greedy,15,20,0.2,1,53,752.0,9,43,0.769811320754717,0.721715862993733
21,00bdac501a4c9641257628d2b27440d7406eec5b3ef0acb2a0c00bff5acaf731,path_cost_greedy,15,20,0.2,1,45,631.0,8,44,0.7911111111111111,8.51875182701042
21,00bdac501a4c9641257628d2b27440d7406eec5b3ef0acb2a0c00bff5acaf731,hungarian_astar,15,20,0.2,1,25,259.0,12,0,0.0,4.134117289999267
22,d902a0198fd731553b9101de4d11d0254542872b640ca6b3b06eea2ab489b9dd,manhattan_greedy,15,20,0.2,1,21,313.0,10,2,0.6222222222222222,0.052148418995784596
22,d902a0198fd731553b9101de4d11d0254542872b640ca6b3b06eea2ab489b9dd,path_cost_greedy,15,20,0.2,1,21,311.0,10,4,0.6190476190476191,1.9931334400025662
22,d902a0198fd731553b9101de4d11d0254542872b640ca6b3b06eea2ab489b9dd,hungarian_astar,15,20,0.2,1,18,173.0,15,0,0.0,1.9812621360033518
23,07934270464130f11474705e989b5f024181a376da2d424144333bd097c9b727,manhattan_greedy,15,20,0.2,1,26,371.0,12,19,0.6153846153846154,0.1025052519980818
23,07934270464130f11474705e989b5f024181a376da2d424144333bd097c9b727,path_cost_greedy,15,20,0.2,1,30,444.0,13,6,0.6844444444444444,2.8599362450040644
23,07934270464130f11474705e989b5f024181a376da2d424144333bd097c9b727,hungarian_astar,15,20,0.2,1,19,175.0,15,0,0.0,2.059104487998411
24,547dea9c1e76cff0b352f8b7a622b050c74691bfc473f9cdfc5738bcbdda3834,manhattan_greedy,15,20,0.2,1,33,478.0,14,17,0.694949494949495,0.2578799509938108
24,547dea9c1e76cff0b352f8b7a622b050c74691bfc473f9cdfc5738bcbdda3834,path_cost_greedy,15,20,0.2,1,33,469.0,13,26,0.7232323232323232,3.2629194680048386
24,547dea9c1e76cff0b352f8b7a622b050c74691bfc473f9cdfc5738bcbdda3834,hungarian_astar,15,20,0.2,1,21,168.0,13,0,0.0,3.0938487259991234
25,87d1f2ff502e93aca75f40d827d39dbc3e6579c0fb538c1a6b352c45b5472fbc,manhattan_greedy,15,20,0.2,1,27,394.0,12,11,0.6592592592592592,0.18049146499834023
25,87d1f2ff502e93aca75f40d827d39dbc3e6579c0fb538c1a6b352c45b5472fbc,path_cost_greedy,15,20,0.2,1,27,394.0,12,11,0.6962962962962963,3.759963010001229
25,87d1f2ff502e93aca75f40d827d39dbc3e6579c0fb538c1a6b352c45b5472fbc,hungarian_astar,15,20,0.2,1,23,166.0,14,3,0.0,2.594426342009683
26,dd46e93ac1946a1c9502789c39673df427af893168b0309f4126b92f1df066fd,manhattan_greedy,15,20,0.2,1,36,537.0,9,3,0.7203703703703703,0.13635234600224067
26,dd46e93ac1946a1c9502789c39673df427af893168b0309f4126b92f1df066fd,path_cost_greedy,15,20,0.2,1,36,533.0,9,7,0.7092592592592593,4.008768291998422
26,dd46e93ac1946a1c9502789c39673df427af893168b0309f4126b92f1df066fd,hungarian_astar,15,20,0.2,1,30,315.0,12,0,0.0,5.680102935002651
27,157c33620474ede024bb19583b72591c7148ea5ef66362319bb1b03dff946b3c,manhattan_greedy,15,20,0.2,1,32,463.0,12,17,0.65625,0.33558349500526674
27,157c33620474ede024bb19583b72591c7148ea5ef66362319bb1b03dff946b3c,path_cost_greedy,15,20,0.2,1,45,642.0,12,33,0.7881481481481482,5.91953600900888
27,157c33620474ede024bb19583b72591c7148ea5ef66362319bb1b03dff946b3c,hungarian_astar,15,20,0.2,1,23,195.0,13,0,0.0,6.050032840998028
28,0b0090ab340fe847f5d113df6605f39bb1f6e473ca883688ec26ca82f9d86907,manhattan_greedy,15,20,0.2,1,19,279.0,10,6,0.6666666666666666,0.20596391000435688
28,0b0090ab340fe847f5d113df6605f39bb1f6e473ca883688ec26ca82f9d86907,path_cost_greedy,15,20,0.2,1,19,275.0,11,10,0.6526315789473685,3.7587763280025683
28,0b0090ab340fe847f5d113df6605f39bb1f6e473ca883688ec26ca82f9d86907,hungarian_astar,15,20,0.2,1,15,130.0,13,0,0.0,2.5957218119874597
29,26d15bf20359cf8f7014f82d1c9074ea2c74c6d6a6596fc11fe5cae4b3ff83a0,manhattan_greedy,15,20,0.2,1,33,482.0,11,13,0.7212121212121212,0.4373573699995177
29,26d15bf20359cf8f7014f82d1c9074ea2c74c6d6a6596fc11fe5cae4b3ff83a0,path_cost_greedy,15,20,0.2,1,33,488.0,12,7,0.7313131313131314,4.542019006999908
29,26d15bf20359cf8f7014f82d1c9074ea2c74c6d6a6596fc11fe5cae4b3ff83a0,hungarian_astar,15,20,0.2,1,24,176.0,14,0,0.0,3.33471153100254
