seed,scenario_fingerprint,algorithm,num_agents,num_tasks,obstacle_density,failure_rate,failure_iteration,failed_agent_count,failed_agent_ids,success,iterations,completed_tasks,total_distance,productive_agents,blocked_moves,unreachable_plans,redundant_target_ratio,runtime_seconds
0,373da5453cae534ed0e5820cb254f00ee54b9e236b910ecc507d40c86c37ed24,manhattan_greedy,15,20,0.2,0.0,5,0,,1,39,20,561.0,11,24,0,0.717948717948718,0.35154796700226143
0,373da5453cae534ed0e5820cb254f00ee54b9e236b910ecc507d40c86c37ed24,path_cost_greedy,15,20,0.2,0.0,5,0,,1,32,20,467.0,12,13,0,0.6979166666666666,5.094148454998503
0,373da5453cae534ed0e5820cb254f00ee54b9e236b910ecc507d40c86c37ed24,hungarian_astar,15,20,0.2,0.0,5,0,,1,28,20,221.0,14,0,0,0.0,4.02054165599111
1,d9a2b175a7a3e1c67e9d2c435d9f3d50a2255318b91a79b9d0ee145f56f73c1b,manhattan_greedy,15,20,0.2,0.0,5,0,,1,37,20,541.0,10,14,0,0.7585585585585586,0.3951572509977268
1,d9a2b175a7a3e1c67e9d2c435d9f3d50a2255318b91a79b9d0ee145f56f73c1b,path_cost_greedy,15,20,0.2,0.0,5,0,,1,34,20,492.0,11,18,0,0.7215686274509804,4.979664939004579
1,d9a2b175a7a3e1c67e9d2c435d9f3d50a2255318b91a79b9d0ee145f56f73c1b,hungarian_astar,15,20,0.2,0.0,5,0,,1,20,20,195.0,12,1,0,0.0,2.8219963810115587
2,2c7aa5014f855d42cded0b042f5e559caf46c97c96b4ef879ce5a145ed99f338,manhattan_greedy,15,20,0.2,0.0,5,0,,1,43,20,620.0,9,25,0,0.7395348837209302,0.21339619500213303
2,2c7aa5014f855d42cded0b042f5e559caf46c97c96b4ef879ce5a145ed99f338,path_cost_greedy,15,20,0.2,0.0,5,0,,1,41,20,593.0,9,22,0,0.7479674796747967,2.9352362109930255
2,2c7aa5014f855d42cded0b042f5e559caf46c97c96b4ef879ce5a145ed99f338,hungarian_astar,15,20,0.2,0.0,5,0,,1,27,20,207.0,13,2,0,0.0,2.767390875000274
3,2b287e1ca6dbe51a24893c7a8f39cb821fad66d6441d6040b6e3bdfc80eb40e8,manhattan_greedy,15,20,0.2,0.0,5,0,,1,30,20,429.0,12,21,0,0.7511111111111111,0.23136604799947236
3,2b287e1ca6dbe51a24893c7a8f39cb821fad66d6441d6040b6e3bdfc80eb40e8,path_cost_greedy,15,20,0.2,0.0,5,0,,1,30,20,423.0,12,27,0,0.7466666666666667,2.0630110850033816
3,2b287e1ca6dbe51a24893c7a8f39cb821fad66d6441d6040b6e3bdfc80eb40e8,hungarian_astar,15,20,0.2,0.0,5,0,,1,21,20,163.0,12,0,0,0.0,1.917352240998298
4,cdbdf308308dd71e329118a2a893e15624480f1b166789148f15f5570f62b09f,manhattan_greedy,15,20,0.2,0.0,5,0,,1,40,20,563.0,9,37,0,0.755,0.17952482799591962
4,cdbdf308308dd71e329118a2a893e15624480f1b166789148f15f5570f62b09f,path_cost_greedy,15,20,0.2,0.0,5,0,,1,42,20,597.0,9,33,0,0.7682539682539683,3.9547316120006144
4,cdbdf308308dd71e329118a2a893e15624480f1b166789148f15f5570f62b09f,hungarian_astar,15,20,0.2,0.0,5,0,,1,27,20,241.0,13,2,0,0.0,3.647362397998222
5,084842ed1c0283d8869644d15d61f080bbc611ac9eed102df56952f8d59f0d98,manhattan_greedy,15,20,0.2,0.0,5,0,,1,40,20,577.0,9,23,0,0.705,0.5293962300056592
5,084842ed1c0283d8869644d15d61f080bbc611ac9eed102df56952f8d59f0d98,path_cost_greedy,15,20,0.2,0.0,5,0,,1,40,20,583.0,9,17,0,0.7183333333333334,10.488214002005407
5,084842ed1c0283d8869644d15d61f080bbc611ac9eed102df56952f8d59f0d98,hungarian_astar,15,20,0.2,0.0,5,0,,1,29,20,238.0,12,0,0,0.0,15.984317669004668
6,ab571899befc6e625b077ab5562b411484b2d802dfcdaab3537961193a88bc99,manhattan_greedy,15,20,0.2,0.0,5,0,,1,36,20,517.0,12,23,0,0.7129629629629629,0.3441662429977441
6,ab571899befc6e625b077ab5562b411484b2d802dfcdaab3537961193a88bc99,path_cost_greedy,15,20,0.2,0.0,5,0,,1,40,20,577.0,12,23,0,0.7366666666666667,6.571346950993757
6,ab571899befc6e625b077ab5562b411484b2d802dfcdaab3537961193a88bc99,hungarian_astar,15,20,0.2,0.0,5,0,,1,29,20,233.0,13,1,0,0.0,3.607549669002765
7,d44613e0ff50096643de7759e2a6ff9b9a38dacb8e42f7147d011d58eac06768,manhattan_greedy,15,20,0.2,0.0,5,0,,1,23,20,338.0,11,7,0,0.6173913043478261,0.16415413499635179
7,d44613e0ff50096643de7759e2a6ff9b9a38dacb8e42f7147d011d58eac06768,path_cost_greedy,15,20,0.2,0.0,5,0,,1,23,20,336.0,11,9,0,0.6173913043478261,2.5121863550011767
7,d44613e0ff50096643de7759e2a6ff9b9a38dacb8e42f7147d011d58eac06768,hungarian_astar,15,20,0.2,0.0,5,0,,1,23,20,158.0,12,1,0,0.0,2.1219555019924883
8,f894db0ca9ffeb2a03a0c98851209adc13b5620ca80fd367086baecdae577100,manhattan_greedy,15,20,0.2,0.0,5,0,,1,47,20,672.0,9,33,0,0.7716312056737589,0.301603674000944
8,f894db0ca9ffeb2a03a0c98851209adc13b5620ca80fd367086baecdae577100,path_cost_greedy,15,20,0.2,0.0,5,0,,1,47,20,672.0,9,33,0,0.774468085106383,3.651657519003493
8,f894db0ca9ffeb2a03a0c98851209adc13b5620ca80fd367086baecdae577100,hungarian_astar,15,20,0.2,0.0,5,0,,1,23,20,179.0,13,0,0,0.0,2.602005281005404
9,c5b68cda855df34a54ff5824e57bf17637fe3922358404968f0ffe872081a926,manhattan_greedy,15,20,0.2,0.0,5,0,,1,35,20,505.0,10,20,0,0.7161904761904762,0.1278747840115102
9,c5b68cda855df34a54ff5824e57bf17637fe3922358404968f0ffe872081a926,path_cost_greedy,15,20,0.2,0.0,5,0,,1,23,20,340.0,11,5,0,0.591304347826087,2.0811451109912014
9,c5b68cda855df34a54ff5824e57bf17637fe3922358404968f0ffe872081a926,hungarian_astar,15,20,0.2,0.0,5,0,,1,22,20,169.0,11,1,0,0.0,2.0093217709945748
10,dcc1a9f295482eda76eb9995bd9ae4eb1c4d01b44d5dc6ed52ad323e90716ac1,manhattan_greedy,15,20,0.2,0.0,5,0,,1,45,20,643.0,8,32,0,0.7866666666666666,0.1805908780079335
10,dcc1a9f295482eda76eb9995bd9ae4eb1c4d01b44d5dc6ed52ad323e90716ac1,path_cost_greedy,15,20,0.2,0.0,5,0,,1,45,20,640.0,8,35,0,0.7896296296296297,3.149787419999484
10,dcc1a9f295482eda76eb9995bd9ae4eb1c4d01b44d5dc6ed52ad323e90716ac1,hungarian_astar,15,20,0.2,0.0,5,0,,1,27,20,259.0,11,1,0,0.0,2.4955119200021727
11,a7d8aef04b886f8a20cc0f8a3fbc89ba1239b750d9810461f29fcf91ca3f4150,manhattan_greedy,15,20,0.2,0.0,5,0,,1,50,20,717.0,12,33,0,0.764,0.42277139800717123
11,a7d8aef04b886f8a20cc0f8a3fbc89ba1239b750d9810461f29fcf91ca3f4150,path_cost_greedy,15,20,0.2,0.0,5,0,,1,31,20,452.0,11,13,0,0.6731182795698925,3.0349822740099626
11,a7d8aef04b886f8a20cc0f8a3fbc89ba1239b750d9810461f29fcf91ca3f4150,hungarian_astar,15,20,0.2,0.0,5,0,,1,27,20,190.0,12,0,0,0.0,2.556448747011018
12,7a8e524d931398773b487a14d2285991117314ddb6d63bf0c8d28a77a51c504b,manhattan_greedy,15,20,0.2,0.0,5,0,,1,31,20,430.0,9,35,0,0.6688172043010753,0.1151637419970939
12,7a8e524d931398773b487a14d2285991117314ddb6d63bf0c8d28a77a51c504b,path_cost_greedy,15,20,0.2,0.0,5,0,,1,34,20,468.0,8,42,0,0.7274509803921568,2.898379422011203
12,7a8e524d931398773b487a14d2285991117314ddb6d63bf0c8d28a77a51c504b,hungarian_astar,15,20,0.2,0.0,5,0,,1,20,20,212.0,13,0,0,0.0,2.5667321979999542
13,98aed25e5e736f72e2a01082390ca483dfe4958333720301fed29c4428c87d35,manhattan_greedy,15,20,0.2,0.0,5,0,,1,37,20,533.0,12,22,0,0.7441441441441441,0.2458272320072865
13,98aed25e5e736f72e2a01082390ca483dfe4958333720301fed29c4428c87d35,path_cost_greedy,15,20,0.2,0.0,5,0,,1,48,20,682.0,12,38,0,0.8097222222222222,3.351576479006326
13,98aed25e5e736f72e2a01082390ca483dfe4958333720301fed29c4428c87d35,hungarian_astar,15,20,0.2,0.0,5,0,,1,24,20,190.0,12,1,0,0.0,2.362270630997955
14,77b4aaca64e2ce9712d122b4d8dfe6bf8aa2e568d72a19493177363870fe1597,manhattan_greedy,15,20,0.2,0.0,5,0,,1,40,20,561.0,12,39,0,0.7366666666666667,0.1630916859867284
14,77b4aaca64e2ce9712d122b4d8dfe6bf8aa2e568d72a19493177363870fe1597,path_cost_greedy,15,20,0.2,0.0,5,0,,1,36,20,510.0,12,30,0,0.7240740740740741,2.729253139012144
14,77b4aaca64e2ce9712d122b4d8dfe6bf8aa2e568d72a19493177363870fe1597,hungarian_astar,15,20,0.2,0.0,5,0,,1,18,20,159.0,14,1,0,0.0,1.9798404290049803
15,9375cfe2eec4b264788eb9d8553e12931a7047555fa3632e2a5436593ff11ae1,manhattan_greedy,15,20,0.2,0.0,5,0,,1,31,20,456.0,11,9,0,0.7161290322580646,0.1433470180054428
15,9375cfe2eec4b264788eb9d8553e12931a7047555fa3632e2a5436593ff11ae1,path_cost_greedy,15,20,0.2,0.0,5,0,,1,29,20,426.0,12,9,0,0.7103448275862069,2.267912024995894
15,9375cfe2eec4b264788eb9d8553e12931a7047555fa3632e2a5436593ff11ae1,hungarian_astar,15,20,0.2,0.0,5,0,,1,22,20,172.0,13,0,0,0.0,1.9510724699939601
16,a049ff13f7b7a5a251f4dd66aa4bd77c6dbd438d6787b6d95a6c1665d8025a53,manhattan_greedy,15,20,0.2,0.0,5,0,,1,19,20,273.0,13,12,0,0.5719298245614035,0.07921814199653454
16,a049ff13f7b7a5a251f4dd66aa4bd77c6dbd438d6787b6d95a6c1665d8025a53,path_cost_greedy,15,20,0.2,0.0,5,0,,1,17,20,245.0,13,10,0,0.5098039215686274,2.1093235470034415
16,a049ff13f7b7a5a251f4dd66aa4bd77c6dbd438d6787b6d95a6c1665d8025a53,hungarian_astar,15,20,0.2,0.0,5,0,,1,17,20,146.0,14,0,0,0.0,2.0430496690096334
17,bd48f9d88a81de539cd6c36e4efa1249e5a6f957b5f67f49c26e56c3df02bfde,manhattan_greedy,15,20,0.2,0.0,5,0,,1,33,20,453.0,10,42,0,0.7090909090909091,0.16051767399767414
17,bd48f9d88a81de539cd6c36e4efa1249e5a6f957b5f67f49c26e56c3df02bfde,path_cost_greedy,15,20,0.2,0.0,5,0,,1,31,20,423.0,12,42,0,0.6967741935483871,2.529927997995401
17,bd48f9d88a81de539cd6c36e4efa1249e5a6f957b5f67f49c26e56c3df02bfde,hungarian_astar,15,20,0.2,0.0,5,0,,1,26,20,189.0,14,0,0,0.0,2.1848034510039724
18,2fedb82381346e79fca0ea0fe6547f431b152e58447bd4bf3d808e5d8635a789,manhattan_greedy,15,20,0.2,0.0,5,0,,1,26,20,375.0,10,15,0,0.6794871794871795,0.11339704699639697
18,2fedb82381346e79fca0ea0fe6547f431b152e58447bd4bf3d808e5d8635a789,path_cost_greedy,15,20,0.2,0.0,5,0,,1,26,20,374.0,10,16,0,0.676923076923077,2.464315829012776
18,2fedb82381346e79fca0ea0fe6547f431b152e58447bd4bf3d808e5d8635a789,hungarian_astar,15,20,0.2,0.0,5,0,,1,22,20,187.0,12,4,0,0.0,2.3499410090007586
19,b2638726003cc78f41e4c81146cca003e48e283ff1ea63934f24b69c029f00d2,manhattan_greedy,15,20,0.2,0.0,5,0,,1,33,20,467.0,9,28,0,0.701010101010101,0.12191755200910848
19,b2638726003cc78f41e4c81146cca003e48e283ff1ea63934f24b69c029f00d2,path_cost_greedy,15,20,0.2,0.0,5,0,,1,33,20,465.0,9,30,0,0.6868686868686869,3.0147241779923206
19,b2638726003cc78f41e4c81146cca003e48e283ff1ea63934f24b69c029f00d2,hungarian_astar,15,20,0.2,0.0,5,0,,1,25,20,216.0,12,2,0,0.0,2.309559625995462
20,b1a14a7f0c8df2360dbb0feeb1e68684fdb31869f272dff1da2983d0b115d4ee,manhattan_greedy,15,20,0.2,0.0,5,0,,1,27,20,403.0,11,2,0,0.6172839506172839,0.09185602200159337
20,b1a14a7f0c8df2360dbb0feeb1e68684fdb31869f272dff1da2983d0b115d4ee,path_cost_greedy,15,20,0.2,0.0,5,0,,1,27,20,402.0,11,3,0,0.6246913580246913,2.157931955996901
20,b1a14a7f0c8df2360dbb0feeb1e68684fdb31869f272dff1da2983d0b115d4ee,hungarian_astar,15,20,0.2,0.0,5,0,,1,28,20,222.0,13,0,0,0.0,2.235050451999996
21,00bdac501a4c9641257628d2b27440d7406eec5b3ef0acb2a0c00bff5acaf731,manhattan_greedy,15,20,0.2,0.0,5,0,,1,53,20,752.0,9,43,0,0.769811320754717,0.4019017509999685
21,00bdac501a4c9641257628d2b27440d7406eec5b3ef0acb2a0c00bff5acaf731,path_cost_greedy,15,20,0.2,0.0,5,0,,1,45,20,631.0,8,44,0,0.7911111111111111,6.39096423900628
21,00bdac501a4c9641257628d2b27440d7406eec5b3ef0acb2a0c00bff5acaf731,hungarian_astar,15,20,0.2,0.0,5,0,,1,25,20,259.0,12,0,0,0.0,3.4370964179979637
22,d902a0198fd731553b9101de4d11d0254542872b640ca6b3b06eea2ab489b9dd,manhattan_greedy,15,20,0.2,0.0,5,0,,1,21,20,313.0,10,2,0,0.6222222222222222,0.049660026998026296
22,d902a0198fd731553b9101de4d11d0254542872b640ca6b3b06eea2ab489b9dd,path_cost_greedy,15,20,0.2,0.0,5,0,,1,21,20,311.0,10,4,0,0.6190476190476191,1.6914041109994287
22,d902a0198fd731553b9101de4d11d0254542872b640ca6b3b06eea2ab489b9dd,hungarian_astar,15,20,0.2,0.0,5,0,,1,18,20,173.0,15,0,0,0.0,1.605053623992717
23,07934270464130f11474705e989b5f024181a376da2d424144333bd097c9b727,manhattan_greedy,15,20,0.2,0.0,5,0,,1,26,20,371.0,12,19,0,0.6153846153846154,0.093063603999326
23,07934270464130f11474705e989b5f024181a376da2d424144333bd097c9b727,path_cost_greedy,15,20,0.2,0.0,5,0,,1,30,20,444.0,13,6,0,0.6844444444444444,2.4093805619922932
23,07934270464130f11474705e989b5f024181a376da2d424144333bd097c9b727,hungarian_astar,15,20,0.2,0.0,5,0,,1,19,20,175.0,15,0,0,0.0,1.7513663610006915
24,547dea9c1e76cff0b352f8b7a622b050c74691bfc473f9cdfc5738bcbdda3834,manhattan_greedy,15,20,0.2,0.0,5,0,,1,33,20,478.0,14,17,0,0.694949494949495,0.25779769400833175
24,547dea9c1e76cff0b352f8b7a622b050c74691bfc473f9cdfc5738bcbdda3834,path_cost_greedy,15,20,0.2,0.0,5,0,,1,33,20,469.0,13,26,0,0.7232323232323232,2.6534690240077907
24,547dea9c1e76cff0b352f8b7a622b050c74691bfc473f9cdfc5738bcbdda3834,hungarian_astar,15,20,0.2,0.0,5,0,,1,21,20,168.0,13,0,0,0.0,2.329722757989657
25,87d1f2ff502e93aca75f40d827d39dbc3e6579c0fb538c1a6b352c45b5472fbc,manhattan_greedy,15,20,0.2,0.0,5,0,,1,27,20,394.0,12,11,0,0.6592592592592592,0.17164589901221916
25,87d1f2ff502e93aca75f40d827d39dbc3e6579c0fb538c1a6b352c45b5472fbc,path_cost_greedy,15,20,0.2,0.0,5,0,,1,27,20,394.0,12,11,0,0.6962962962962963,3.576900244006538
25,87d1f2ff502e93aca75f40d827d39dbc3e6579c0fb538c1a6b352c45b5472fbc,hungarian_astar,15,20,0.2,0.0,5,0,,1,23,20,166.0,14,3,0,0.0,3.8012568589911098
26,dd46e93ac1946a1c9502789c39673df427af893168b0309f4126b92f1df066fd,manhattan_greedy,15,20,0.2,0.0,5,0,,1,36,20,537.0,9,3,0,0.7203703703703703,0.20694883300166111
26,dd46e93ac1946a1c9502789c39673df427af893168b0309f4126b92f1df066fd,path_cost_greedy,15,20,0.2,0.0,5,0,,1,36,20,533.0,9,7,0,0.7092592592592593,4.80973551099305
26,dd46e93ac1946a1c9502789c39673df427af893168b0309f4126b92f1df066fd,hungarian_astar,15,20,0.2,0.0,5,0,,1,30,20,315.0,12,0,0,0.0,4.488548509005341
27,157c33620474ede024bb19583b72591c7148ea5ef66362319bb1b03dff946b3c,manhattan_greedy,15,20,0.2,0.0,5,0,,1,32,20,463.0,12,17,0,0.65625,0.1689442499919096
27,157c33620474ede024bb19583b72591c7148ea5ef66362319bb1b03dff946b3c,path_cost_greedy,15,20,0.2,0.0,5,0,,1,45,20,642.0,12,33,0,0.7881481481481482,4.013292544987053
27,157c33620474ede024bb19583b72591c7148ea5ef66362319bb1b03dff946b3c,hungarian_astar,15,20,0.2,0.0,5,0,,1,23,20,195.0,13,0,0,0.0,2.752893683005823
28,0b0090ab340fe847f5d113df6605f39bb1f6e473ca883688ec26ca82f9d86907,manhattan_greedy,15,20,0.2,0.0,5,0,,1,19,20,279.0,10,6,0,0.6666666666666666,0.06859993199759629
28,0b0090ab340fe847f5d113df6605f39bb1f6e473ca883688ec26ca82f9d86907,path_cost_greedy,15,20,0.2,0.0,5,0,,1,19,20,275.0,11,10,0,0.6526315789473685,2.0851265729870647
28,0b0090ab340fe847f5d113df6605f39bb1f6e473ca883688ec26ca82f9d86907,hungarian_astar,15,20,0.2,0.0,5,0,,1,15,20,130.0,13,0,0,0.0,1.864403258994571
29,26d15bf20359cf8f7014f82d1c9074ea2c74c6d6a6596fc11fe5cae4b3ff83a0,manhattan_greedy,15,20,0.2,0.0,5,0,,1,33,20,482.0,11,13,0,0.7212121212121212,0.46953780700278
29,26d15bf20359cf8f7014f82d1c9074ea2c74c6d6a6596fc11fe5cae4b3ff83a0,path_cost_greedy,15,20,0.2,0.0,5,0,,1,33,20,488.0,12,7,0,0.7313131313131314,4.201809961989056
29,26d15bf20359cf8f7014f82d1c9074ea2c74c6d6a6596fc11fe5cae4b3ff83a0,hungarian_astar,15,20,0.2,0.0,5,0,,1,24,20,176.0,14,0,0,0.0,4.133923141998821
0,373da5453cae534ed0e5820cb254f00ee54b9e236b910ecc507d40c86c37ed24,manhattan_greedy,15,20,0.2,0.2,5,3,1;2;3,1,47,20,550.0,11,29,0,0.6822107081174439,0.20085589100199286
0,373da5453cae534ed0e5820cb254f00ee54b9e236b910ecc507d40c86c37ed24,path_cost_greedy,15,20,0.2,0.2,5,3,1;2;3,1,71,20,845.0,11,22,0,0.7820069204152249,14.457653315999778
0,373da5453cae534ed0e5820cb254f00ee54b9e236b910ecc507d40c86c37ed24,hungarian_astar,15,20,0.2,0.2,5,3,1;2;3,1,32,20,248.0,12,0,0,0.0,16.349922221997986
1,d9a2b175a7a3e1c67e9d2c435d9f3d50a2255318b91a79b9d0ee145f56f73c1b,manhattan_greedy,15,20,0.2,0.2,5,3,4;7;13,1,37,20,445.0,9,14,0,0.6884531590413944,0.847229046994471
1,d9a2b175a7a3e1c67e9d2c435d9f3d50a2255318b91a79b9d0ee145f56f73c1b,path_cost_greedy,15,20,0.2,0.2,5,3,4;7;13,1,36,20,430.0,10,17,0,0.6577181208053692,11.590715365993674
1,d9a2b175a7a3e1c67e9d2c435d9f3d50a2255318b91a79b9d0ee145f56f73c1b,hungarian_astar,15,20,0.2,0.2,5,3,4;7;13,1,27,20,223.0,11,3,0,0.0,5.545543385000201
2,2c7aa5014f855d42cded0b042f5e559caf46c97c96b4ef879ce5a145ed99f338,manhattan_greedy,15,20,0.2,0.2,5,3,8;11;12,1,43,20,513.0,9,18,0,0.6892655367231638,0.2991094880126184
2,2c7aa5014f855d42cded0b042f5e559caf46c97c96b4ef879ce5a145ed99f338,path_cost_greedy,15,20,0.2,0.2,5,3,8;11;12,1,41,20,494.0,9,13,0,0.6923076923076923,5.022938082998735
2,2c7aa5014f855d42cded0b042f5e559caf46c97c96b4ef879ce5a145ed99f338,hungarian_astar,15,20,0.2,0.2,5,3,8;11;12,1,28,20,223.0,13,2,0,0.0,4.195531186996959
3,2b287e1ca6dbe51a24893c7a8f39cb821fad66d6441d6040b6e3bdfc80eb40e8,manhattan_greedy,15,20,0.2,0.2,5,3,5;9;10,1,32,20,390.0,12,9,0,0.7092731829573935,0.13535128500370774
3,2b287e1ca6dbe51a24893c7a8f39cb821fad66d6441d6040b6e3bdfc80eb40e8,path_cost_greedy,15,20,0.2,0.2,5,3,5;9;10,1,32,20,386.0,12,13,0,0.7042606516290727,2.945257570987451
3,2b287e1ca6dbe51a24893c7a8f39cb821fad66d6441d6040b6e3bdfc80eb40e8,hungarian_astar,15,20,0.2,0.2,5,3,5;9;10,1,21,20,177.0,11,0,0,0.0,2.6965552890032995
4,cdbdf308308dd71e329118a2a893e15624480f1b166789148f15f5570f62b09f,manhattan_greedy,15,20,0.2,0.2,5,3,0;2;12,1,86,20,986.0,9,61,0,0.8156638013371538,0.5474143860046752
4,cdbdf308308dd71e329118a2a893e15624480f1b166789148f15f5570f62b09f,path_cost_greedy,15,20,0.2,0.2,5,3,0;2;12,1,87,20,985.0,8,74,0,0.8158640226628895,6.299289214002783
4,cdbdf308308dd71e329118a2a893e15624480f1b166789148f15f5570f62b09f,hungarian_astar,15,20,0.2,0.2,5,3,0;2;12,1,33,20,272.0,12,2,0,0.0,4.668127532990184
5,084842ed1c0283d8869644d15d61f080bbc611ac9eed102df56952f8d59f0d98,manhattan_greedy,15,20,0.2,0.2,5,3,6;9;14,1,40,20,475.0,10,20,0,0.6404040404040404,0.4128000029886607
5,084842ed1c0283d8869644d15d61f080bbc611ac9eed102df56952f8d59f0d98,path_cost_greedy,15,20,0.2,0.2,5,3,6;9;14,1,40,20,479.0,9,16,0,0.6767676767676768,8.287596499998472
5,084842ed1c0283d8869644d15d61f080bbc611ac9eed102df56952f8d59f0d98,hungarian_astar,15,20,0.2,0.2,5,3,6;9;14,1,31,20,247.0,12,0,0,0.0,7.694717922000564
6,ab571899befc6e625b077ab5562b411484b2d802dfcdaab3537961193a88bc99,manhattan_greedy,15,20,0.2,0.2,5,3,3;7;14,1,36,20,437.0,11,10,0,0.6465324384787472,0.3099200959986774
6,ab571899befc6e625b077ab5562b411484b2d802dfcdaab3537961193a88bc99,path_cost_greedy,15,20,0.2,0.2,5,3,3;7;14,1,40,20,482.0,11,13,0,0.6888888888888889,6.130207829002757
6,ab571899befc6e625b077ab5562b411484b2d802dfcdaab3537961193a88bc99,hungarian_astar,15,20,0.2,0.2,5,3,3;7;14,1,28,20,239.0,11,1,0,0.0,4.802844084988465
7,d44613e0ff50096643de7759e2a6ff9b9a38dacb8e42f7147d011d58eac06768,manhattan_greedy,15,20,0.2,0.2,5,3,6;11;13,1,35,20,423.0,9,12,0,0.5885057471264368,0.22452028500265442
7,d44613e0ff50096643de7759e2a6ff9b9a38dacb8e42f7147d011d58eac06768,path_cost_greedy,15,20,0.2,0.2,5,3,6;11;13,1,35,20,423.0,9,12,0,0.5885057471264368,4.857911514991429
7,d44613e0ff50096643de7759e2a6ff9b9a38dacb8e42f7147d011d58eac06768,hungarian_astar,15,20,0.2,0.2,5,3,6;11;13,1,29,20,197.0,11,1,0,0.0,4.27988593900227
8,f894db0ca9ffeb2a03a0c98851209adc13b5620ca80fd367086baecdae577100,manhattan_greedy,15,20,0.2,0.2,5,3,7;10;11,1,62,20,732.0,9,27,0,0.7878787878787878,0.6665590299962787
8,f894db0ca9ffeb2a03a0c98851209adc13b5620ca80fd367086baecdae577100,path_cost_greedy,15,20,0.2,0.2,5,3,7;10;11,1,62,20,727.0,9,32,0,0.7905138339920948,8.114666037989082
8,f894db0ca9ffeb2a03a0c98851209adc13b5620ca80fd367086baecdae577100,hungarian_astar,15,20,0.2,0.2,5,3,7;10;11,1,36,20,233.0,14,0,0,0.0,4.73658948999946
9,c5b68cda855df34a54ff5824e57bf17637fe3922358404968f0ffe872081a926,manhattan_greedy,15,20,0.2,0.2,5,3,1;3;13,1,35,20,427.0,11,8,0,0.6528735632183909,0.10970953899959568
9,c5b68cda855df34a54ff5824e57bf17637fe3922358404968f0ffe872081a926,path_cost_greedy,15,20,0.2,0.2,5,3,1;3;13,1,33,20,400.0,11,11,0,0.6496350364963503,3.9711081349960295
9,c5b68cda855df34a54ff5824e57bf17637fe3922358404968f0ffe872081a926,hungarian_astar,15,20,0.2,0.2,5,3,1;3;13,1,22,20,191.0,12,1,0,0.0,4.034396087998175
10,dcc1a9f295482eda76eb9995bd9ae4eb1c4d01b44d5dc6ed52ad323e90716ac1,manhattan_greedy,15,20,0.2,0.2,5,3,5;6;7,1,50,20,593.0,9,22,0,0.7691056910569106,0.35744982698815875
10,dcc1a9f295482eda76eb9995bd9ae4eb1c4d01b44d5dc6ed52ad323e90716ac1,path_cost_greedy,15,20,0.2,0.2,5,3,5;6;7,1,50,20,582.0,9,33,0,0.7626016260162601,5.0641174640040845
10,dcc1a9f295482eda76eb9995bd9ae4eb1c4d01b44d5dc6ed52ad323e90716ac1,hungarian_astar,15,20,0.2,0.2,5,3,5;6;7,1,32,20,295.0,9,2,0,0.0,3.8578387549932813
11,a7d8aef04b886f8a20cc0f8a3fbc89ba1239b750d9810461f29fcf91ca3f4150,manhattan_greedy,15,20,0.2,0.2,5,3,5;13;14,1,59,20,700.0,11,23,0,0.7482710926694329,0.46540731099958066
11,a7d8aef04b886f8a20cc0f8a3fbc89ba1239b750d9810461f29fcf91ca3f4150,path_cost_greedy,15,20,0.2,0.2,5,3,5;13;14,1,45,20,538.0,11,17,0,0.6936936936936937,5.000233929997194
11,a7d8aef04b886f8a20cc0f8a3fbc89ba1239b750d9810461f29fcf91ca3f4150,hungarian_astar,15,20,0.2,0.2,5,3,5;13;14,1,29,20,204.0,12,0,0,0.0,4.855070115998387
12,7a8e524d931398773b487a14d2285991117314ddb6d63bf0c8d28a77a51c504b,manhattan_greedy,15,20,0.2,0.2,5,3,0;1;3,1,31,20,366.0,10,21,0,0.5839793281653747,0.19590974700986408
12,7a8e524d931398773b487a14d2285991117314ddb6d63bf0c8d28a77a51c504b,path_cost_greedy,15,20,0.2,0.2,5,3,0;1;3,1,48,20,547.0,8,44,0,0.7292724196277496,5.5153283219988225
12,7a8e524d931398773b487a14d2285991117314ddb6d63bf0c8d28a77a51c504b,hungarian_astar,15,20,0.2,0.2,5,3,0;1;3,1,23,20,220.0,12,1,0,0.0,3.7219263490114827
13,98aed25e5e736f72e2a01082390ca483dfe4958333720301fed29c4428c87d35,manhattan_greedy,15,20,0.2,0.2,5,3,5;10;12,1,37,20,445.0,12,14,0,0.6710239651416122,0.19318623600702267
13,98aed25e5e736f72e2a01082390ca483dfe4958333720301fed29c4428c87d35,path_cost_greedy,15,20,0.2,0.2,5,3,5;10;12,1,49,20,587.0,12,16,0,0.7728026533996684,3.842739329993492
13,98aed25e5e736f72e2a01082390ca483dfe4958333720301fed29c4428c87d35,hungarian_astar,15,20,0.2,0.2,5,3,5;10;12,1,33,20,240.0,11,1,0,0.0,3.086132151991478
14,77b4aaca64e2ce9712d122b4d8dfe6bf8aa2e568d72a19493177363870fe1597,manhattan_greedy,15,20,0.2,0.2,5,3,5;10;11,1,64,20,740.0,10,43,0,0.7867177522349936,0.38415305998933036
14,77b4aaca64e2ce9712d122b4d8dfe6bf8aa2e568d72a19493177363870fe1597,path_cost_greedy,15,20,0.2,0.2,5,3,5;10;11,1,64,20,740.0,10,43,0,0.7841634738186463,4.876427563998732
14,77b4aaca64e2ce9712d122b4d8dfe6bf8aa2e568d72a19493177363870fe1597,hungarian_astar,15,20,0.2,0.2,5,3,5;10;11,1,22,20,184.0,14,1,0,0.0,3.0884625449980376
15,9375cfe2eec4b264788eb9d8553e12931a7047555fa3632e2a5436593ff11ae1,manhattan_greedy,15,20,0.2,0.2,5,3,3;7;12,1,38,20,450.0,12,21,0,0.7154989384288747,0.23199439499876462
15,9375cfe2eec4b264788eb9d8553e12931a7047555fa3632e2a5436593ff11ae1,path_cost_greedy,15,20,0.2,0.2,5,3,3;7;12,1,38,20,449.0,12,22,0,0.7048832271762208,3.3017371489986544
15,9375cfe2eec4b264788eb9d8553e12931a7047555fa3632e2a5436593ff11ae1,hungarian_astar,15,20,0.2,0.2,5,3,3;7;12,1,22,20,175.0,12,0,0,0.0,2.966002066998044
16,a049ff13f7b7a5a251f4dd66aa4bd77c6dbd438d6787b6d95a6c1665d8025a53,manhattan_greedy,15,20,0.2,0.2,5,3,9;10;11,1,30,20,362.0,12,13,0,0.648,0.344301560005988
16,a049ff13f7b7a5a251f4dd66aa4bd77c6dbd438d6787b6d95a6c1665d8025a53,path_cost_greedy,15,20,0.2,0.2,5,3,9;10;11,1,20,20,247.0,12,8,0,0.5254901960784314,3.618129548995057
16,a049ff13f7b7a5a251f4dd66aa4bd77c6dbd438d6787b6d95a6c1665d8025a53,hungarian_astar,15,20,0.2,0.2,5,3,9;10;11,1,20,20,150.0,13,0,0,0.0,4.416783512002439
17,bd48f9d88a81de539cd6c36e4efa1249e5a6f957b5f67f49c26e56c3df02bfde,manhattan_greedy,15,20,0.2,0.2,5,3,6;8;14,1,33,20,378.0,10,33,0,0.6326034063260341,0.11708731300313957
17,bd48f9d88a81de539cd6c36e4efa1249e5a6f957b5f67f49c26e56c3df02bfde,path_cost_greedy,15,20,0.2,0.2,5,3,6;8;14,1,55,20,625.0,10,50,0,0.7555555555555555,5.608461751995492
17,bd48f9d88a81de539cd6c36e4efa1249e5a6f957b5f67f49c26e56c3df02bfde,hungarian_astar,15,20,0.2,0.2,5,3,6;8;14,1,26,20,216.0,13,0,0,0.0,4.417456949988264
18,2fedb82381346e79fca0ea0fe6547f431b152e58447bd4bf3d808e5d8635a789,manhattan_greedy,15,20,0.2,0.2,5,3,3;10;13,1,42,20,490.0,8,29,0,0.7244701348747592,0.2823306229984155
18,2fedb82381346e79fca0ea0fe6547f431b152e58447bd4bf3d808e5d8635a789,path_cost_greedy,15,20,0.2,0.2,5,3,3;10;13,1,42,20,496.0,8,23,0,0.7263969171483622,4.517282510001678
18,2fedb82381346e79fca0ea0fe6547f431b152e58447bd4bf3d808e5d8635a789,hungarian_astar,15,20,0.2,0.2,5,3,3;10;13,1,22,20,208.0,11,2,0,0.0,3.186158715005149
19,b2638726003cc78f41e4c81146cca003e48e283ff1ea63934f24b69c029f00d2,manhattan_greedy,15,20,0.2,0.2,5,3,2;6;11,1,37,20,438.0,9,21,0,0.6339869281045751,0.2021118409902556
19,b2638726003cc78f41e4c81146cca003e48e283ff1ea63934f24b69c029f00d2,path_cost_greedy,15,20,0.2,0.2,5,3,2;6;11,1,33,20,392.0,9,19,0,0.6131386861313869,3.3268028010061244
19,b2638726003cc78f41e4c81146cca003e48e283ff1ea63934f24b69c029f00d2,hungarian_astar,15,20,0.2,0.2,5,3,2;6;11,1,31,20,214.0,12,2,0,0.0,3.032185595991905
20,b1a14a7f0c8df2360dbb0feeb1e68684fdb31869f272dff1da2983d0b115d4ee,manhattan_greedy,15,20,0.2,0.2,5,3,0;1;3,1,33,20,411.0,10,0,0,0.5815085158150851,0.15977991599356756
20,b1a14a7f0c8df2360dbb0feeb1e68684fdb31869f272dff1da2983d0b115d4ee,path_cost_greedy,15,20,0.2,0.2,5,3,0;1;3,1,33,20,404.0,10,7,0,0.5888077858880778,3.3958571450057207
20,b1a14a7f0c8df2360dbb0feeb1e68684fdb31869f272dff1da2983d0b115d4ee,hungarian_astar,15,20,0.2,0.2,5,3,0;1;3,1,30,20,234.0,13,0,0,0.0,3.6691010170034133
21,00bdac501a4c9641257628d2b27440d7406eec5b3ef0acb2a0c00bff5acaf731,manhattan_greedy,15,20,0.2,0.2,5,3,1;2;11,1,53,20,635.0,8,16,0,0.7004608294930875,0.47417758899973705
21,00bdac501a4c9641257628d2b27440d7406eec5b3ef0acb2a0c00bff5acaf731,path_cost_greedy,15,20,0.2,0.2,5,3,1;2;11,1,45,20,533.0,8,22,0,0.7225225225225225,8.884210231000907
21,00bdac501a4c9641257628d2b27440d7406eec5b3ef0acb2a0c00bff5acaf731,hungarian_astar,15,20,0.2,0.2,5,3,1;2;11,1,33,20,286.0,11,2,0,0.0,5.859922231989913
22,d902a0198fd731553b9101de4d11d0254542872b640ca6b3b06eea2ab489b9dd,manhattan_greedy,15,20,0.2,0.2,5,3,0;2;5,1,35,20,421.0,9,14,0,0.6482758620689655,0.09893819299759343
22,d902a0198fd731553b9101de4d11d0254542872b640ca6b3b06eea2ab489b9dd,path_cost_greedy,15,20,0.2,0.2,5,3,0;2;5,1,29,20,354.0,8,9,0,0.628099173553719,2.233201081995503
22,d902a0198fd731553b9101de4d11d0254542872b640ca6b3b06eea2ab489b9dd,hungarian_astar,15,20,0.2,0.2,5,3,0;2;5,1,22,20,198.0,12,0,0,0.0,2.673436409997521
23,07934270464130f11474705e989b5f024181a376da2d424144333bd097c9b727,manhattan_greedy,15,20,0.2,0.2,5,3,4;10;13,1,26,20,313.0,12,14,0,0.5535168195718655,0.08784907498920802
23,07934270464130f11474705e989b5f024181a376da2d424144333bd097c9b727,path_cost_greedy,15,20,0.2,0.2,5,3,4;10;13,1,30,20,371.0,13,4,0,0.632,2.586650502998964
23,07934270464130f11474705e989b5f024181a376da2d424144333bd097c9b727,hungarian_astar,15,20,0.2,0.2,5,3,4;10;13,1,21,20,180.0,13,0,0,0.0,1.801645411993377
24,547dea9c1e76cff0b352f8b7a622b050c74691bfc473f9cdfc5738bcbdda3834,manhattan_greedy,15,20,0.2,0.2,5,3,1;6;13,1,33,20,394.0,11,17,0,0.6058394160583942,0.12512231699656695
24,547dea9c1e76cff0b352f8b7a622b050c74691bfc473f9cdfc5738bcbdda3834,path_cost_greedy,15,20,0.2,0.2,5,3,1;6;13,1,33,20,400.0,11,11,0,0.656934306569343,2.5296458970115054
24,547dea9c1e76cff0b352f8b7a622b050c74691bfc473f9cdfc5738bcbdda3834,hungarian_astar,15,20,0.2,0.2,5,3,1;6;13,1,26,20,185.0,12,0,0,0.0,1.9625665149942506
25,87d1f2ff502e93aca75f40d827d39dbc3e6579c0fb538c1a6b352c45b5472fbc,manhattan_greedy,15,20,0.2,0.2,5,3,4;8;14,1,34,20,419.0,11,4,0,0.6122931442080378,0.10754336199897807
25,87d1f2ff502e93aca75f40d827d39dbc3e6579c0fb538c1a6b352c45b5472fbc,path_cost_greedy,15,20,0.2,0.2,5,3,4;8;14,1,37,20,454.0,11,5,0,0.673202614379085,2.582191793000675
25,87d1f2ff502e93aca75f40d827d39dbc3e6579c0fb538c1a6b352c45b5472fbc,hungarian_astar,15,20,0.2,0.2,5,3,4;8;14,1,23,20,187.0,12,0,0,0.0,1.9482978509913664
26,dd46e93ac1946a1c9502789c39673df427af893168b0309f4126b92f1df066fd,manhattan_greedy,15,20,0.2,0.2,5,3,0;4;6,1,45,20,541.0,9,14,0,0.6990990990990991,0.09969232400180772
26,dd46e93ac1946a1c9502789c39673df427af893168b0309f4126b92f1df066fd,path_cost_greedy,15,20,0.2,0.2,5,3,0;4;6,1,51,20,601.0,8,26,0,0.7320574162679426,2.875166559999343
26,dd46e93ac1946a1c9502789c39673df427af893168b0309f4126b92f1df066fd,hungarian_astar,15,20,0.2,0.2,5,3,0;4;6,1,30,20,280.0,11,0,0,0.0,2.668898887000978
27,157c33620474ede024bb19583b72591c7148ea5ef66362319bb1b03dff946b3c,manhattan_greedy,15,20,0.2,0.2,5,3,4;5;12,1,32,20,393.0,10,6,0,0.5989974937343359,0.12228540999058168
27,157c33620474ede024bb19583b72591c7148ea5ef66362319bb1b03dff946b3c,path_cost_greedy,15,20,0.2,0.2,5,3,4;5;12,1,45,20,543.0,10,12,0,0.7513513513513513,2.981704203004483
27,157c33620474ede024bb19583b72591c7148ea5ef66362319bb1b03dff946b3c,hungarian_astar,15,20,0.2,0.2,5,3,4;5;12,1,27,20,222.0,13,0,0,0.0,2.5412705990020186
28,0b0090ab340fe847f5d113df6605f39bb1f6e473ca883688ec26ca82f9d86907,manhattan_greedy,15,20,0.2,0.2,5,3,0;1;3,1,39,20,473.0,10,10,0,0.7556935817805382,0.2255742370034568
28,0b0090ab340fe847f5d113df6605f39bb1f6e473ca883688ec26ca82f9d86907,path_cost_greedy,15,20,0.2,0.2,5,3,0;1;3,1,35,20,422.0,11,13,0,0.7241379310344828,3.1097589069977403
28,0b0090ab340fe847f5d113df6605f39bb1f6e473ca883688ec26ca82f9d86907,hungarian_astar,15,20,0.2,0.2,5,3,0;1;3,1,21,20,170.0,13,0,0,0.0,2.2922507309995126
29,26d15bf20359cf8f7014f82d1c9074ea2c74c6d6a6596fc11fe5cae4b3ff83a0,manhattan_greedy,15,20,0.2,0.2,5,3,4;5;10,1,33,20,391.0,10,20,0,0.6180048661800487,0.2158965279959375
29,26d15bf20359cf8f7014f82d1c9074ea2c74c6d6a6596fc11fe5cae4b3ff83a0,path_cost_greedy,15,20,0.2,0.2,5,3,4;5;10,1,33,20,392.0,11,19,0,0.6155717761557178,3.6107337360008387
29,26d15bf20359cf8f7014f82d1c9074ea2c74c6d6a6596fc11fe5cae4b3ff83a0,hungarian_astar,15,20,0.2,0.2,5,3,4;5;10,1,26,20,198.0,12,0,0,0.0,2.7933054419991095
0,373da5453cae534ed0e5820cb254f00ee54b9e236b910ecc507d40c86c37ed24,manhattan_greedy,15,20,0.2,0.4,5,6,0;1;2;3;8;11,1,79,20,706.0,9,35,0,0.7219973009446694,0.2915518810041249
0,373da5453cae534ed0e5820cb254f00ee54b9e236b910ecc507d40c86c37ed24,path_cost_greedy,15,20,0.2,0.4,5,6,0;1;2;3;8;11,1,73,20,656.0,9,31,0,0.7161572052401747,3.2891044819989474
0,373da5453cae534ed0e5820cb254f00ee54b9e236b910ecc507d40c86c37ed24,hungarian_astar,15,20,0.2,0.4,5,6,0;1;2;3;8;11,1,41,20,294.0,10,0,0,0.0,2.5318828510062303
1,d9a2b175a7a3e1c67e9d2c435d9f3d50a2255318b91a79b9d0ee145f56f73c1b,manhattan_greedy,15,20,0.2,0.4,5,6,0;1;3;5;10;12,1,48,20,447.0,9,15,0,0.670995670995671,0.1025334800069686
1,d9a2b175a7a3e1c67e9d2c435d9f3d50a2255318b91a79b9d0ee145f56f73c1b,path_cost_greedy,15,20,0.2,0.4,5,6,0;1;3;5;10;12,1,48,20,451.0,9,11,0,0.6536796536796536,2.515054928997415
1,d9a2b175a7a3e1c67e9d2c435d9f3d50a2255318b91a79b9d0ee145f56f73c1b,hungarian_astar,15,20,0.2,0.4,5,6,0;1;3;5;10;12,1,26,20,195.0,10,1,0,0.0,1.8680118699994637
2,2c7aa5014f855d42cded0b042f5e559caf46c97c96b4ef879ce5a145ed99f338,manhattan_greedy,15,20,0.2,0.4,5,6,1;4;6;8;9;10,1,45,20,419.0,10,16,0,0.6114942528735632,0.08523339100065641
2,2c7aa5014f855d42cded0b042f5e559caf46c97c96b4ef879ce5a145ed99f338,path_cost_greedy,15,20,0.2,0.4,5,6,1;4;6;8;9;10,1,41,20,390.0,9,9,0,0.5914786967418546,2.0460197270003846
2,2c7aa5014f855d42cded0b042f5e559caf46c97c96b4ef879ce5a145ed99f338,hungarian_astar,15,20,0.2,0.4,5,6,1;4;6;8;9;10,1,29,20,225.0,12,4,0,0.0,1.834626918003778
3,2b287e1ca6dbe51a24893c7a8f39cb821fad66d6441d6040b6e3bdfc80eb40e8,manhattan_greedy,15,20,0.2,0.4,5,6,2;3;4;7;8;14,1,32,20,310.0,11,8,0,0.6037735849056604,0.0468453820067225
3,2b287e1ca6dbe51a24893c7a8f39cb821fad66d6441d6040b6e3bdfc80eb40e8,path_cost_greedy,15,20,0.2,0.4,5,6,2;3;4;7;8;14,1,32,20,310.0,11,8,0,0.610062893081761,1.2396888299990678
3,2b287e1ca6dbe51a24893c7a8f39cb821fad66d6441d6040b6e3bdfc80eb40e8,hungarian_astar,15,20,0.2,0.4,5,6,2;3;4;7;8;14,1,27,20,194.0,11,0,0,0.0,1.180738098002621
4,cdbdf308308dd71e329118a2a893e15624480f1b166789148f15f5570f62b09f,manhattan_greedy,15,20,0.2,0.4,5,6,0;1;2;3;10;11,1,88,20,797.0,9,25,0,0.7652068126520681,0.15814583499741275
4,cdbdf308308dd71e329118a2a893e15624480f1b166789148f15f5570f62b09f,path_cost_greedy,15,20,0.2,0.4,5,6,0;1;2;3;10;11,1,87,20,771.0,8,42,0,0.7589175891758918,2.249803508995683
4,cdbdf308308dd71e329118a2a893e15624480f1b166789148f15f5570f62b09f,hungarian_astar,15,20,0.2,0.4,5,6,0;1;2;3;10;11,1,32,20,247.0,11,1,0,0.0,1.6753740610001842
5,084842ed1c0283d8869644d15d61f080bbc611ac9eed102df56952f8d59f0d98,manhattan_greedy,15,20,0.2,0.4,5,6,1;4;7;9;11;13,1,44,20,415.0,8,11,0,0.6032863849765259,0.17344470600073691
5,084842ed1c0283d8869644d15d61f080bbc611ac9eed102df56952f8d59f0d98,path_cost_greedy,15,20,0.2,0.4,5,6,1;4;7;9;11;13,1,44,20,421.0,8,5,0,0.6056338028169014,4.390129535997403
5,084842ed1c0283d8869644d15d61f080bbc611ac9eed102df56952f8d59f0d98,hungarian_astar,15,20,0.2,0.4,5,6,1;4;7;9;11;13,1,46,20,275.0,10,0,0,0.0,3.5043115910084452
6,ab571899befc6e625b077ab5562b411484b2d802dfcdaab3537961193a88bc99,manhattan_greedy,15,20,0.2,0.4,5,6,3;5;9;11;12;13,1,36,20,347.0,11,7,0,0.5932203389830508,0.16756461600016337
6,ab571899befc6e625b077ab5562b411484b2d802dfcdaab3537961193a88bc99,path_cost_greedy,15,20,0.2,0.4,5,6,3;5;9;11;12;13,1,42,20,399.0,11,9,0,0.6397058823529411,2.2378534769959515
6,ab571899befc6e625b077ab5562b411484b2d802dfcdaab3537961193a88bc99,hungarian_astar,15,20,0.2,0.4,5,6,3;5;9;11;12;13,1,30,20,213.0,11,4,0,0.0,1.9288788600097178
7,d44613e0ff50096643de7759e2a6ff9b9a38dacb8e42f7147d011d58eac06768,manhattan_greedy,15,20,0.2,0.4,5,6,1;5;6;7;9;10,1,47,20,446.0,9,7,0,0.5805739514348786,0.0907051730027888
7,d44613e0ff50096643de7759e2a6ff9b9a38dacb8e42f7147d011d58eac06768,path_cost_greedy,15,20,0.2,0.4,5,6,1;5;6;7;9;10,1,47,20,446.0,9,7,0,0.5827814569536424,1.8500341729959473
7,d44613e0ff50096643de7759e2a6ff9b9a38dacb8e42f7147d011d58eac06768,hungarian_astar,15,20,0.2,0.4,5,6,1;5;6;7;9;10,1,34,20,229.0,9,1,0,0.0,1.9145838859985815
8,f894db0ca9ffeb2a03a0c98851209adc13b5620ca80fd367086baecdae577100,manhattan_greedy,15,20,0.2,0.4,5,6,0;1;3;6;8;11,1,51,20,477.0,10,12,0,0.6278118609406953,0.17106518299260642
8,f894db0ca9ffeb2a03a0c98851209adc13b5620ca80fd367086baecdae577100,path_cost_greedy,15,20,0.2,0.4,5,6,0;1;3;6;8;11,1,61,20,570.0,10,9,0,0.696027633851468,4.176248248011689
8,f894db0ca9ffeb2a03a0c98851209adc13b5620ca80fd367086baecdae577100,hungarian_astar,15,20,0.2,0.4,5,6,0;1;3;6;8;11,1,36,20,236.0,10,0,0,0.0,2.59189113600587
9,c5b68cda855df34a54ff5824e57bf17637fe3922358404968f0ffe872081a926,manhattan_greedy,15,20,0.2,0.4,5,6,1;2;5;10;13;14,1,35,20,338.0,12,7,0,0.5420289855072464,0.05199246200209018
9,c5b68cda855df34a54ff5824e57bf17637fe3922358404968f0ffe872081a926,path_cost_greedy,15,20,0.2,0.4,5,6,1;2;5;10;13;14,1,33,20,320.0,12,7,0,0.5535168195718655,1.8964322969986824
9,c5b68cda855df34a54ff5824e57bf17637fe3922358404968f0ffe872081a926,hungarian_astar,15,20,0.2,0.4,5,6,1;2;5;10;13;14,1,29,20,210.0,13,1,0,0.0,2.029907415009802
10,dcc1a9f295482eda76eb9995bd9ae4eb1c4d01b44d5dc6ed52ad323e90716ac1,manhattan_greedy,15,20,0.2,0.4,5,6,4;5;6;8;10;11,1,49,20,450.0,8,21,0,0.6878980891719745,0.12499297899194062
10,dcc1a9f295482eda76eb9995bd9ae4eb1c4d01b44d5dc6ed52ad323e90716ac1,path_cost_greedy,15,20,0.2,0.4,5,6,4;5;6;8;10;11,1,47,20,436.0,9,17,0,0.6887417218543046,2.1046832840074785
10,dcc1a9f295482eda76eb9995bd9ae4eb1c4d01b44d5dc6ed52ad323e90716ac1,hungarian_astar,15,20,0.2,0.4,5,6,4;5;6;8;10;11,1,27,20,232.0,10,1,0,0.0,1.7518862469878513
11,a7d8aef04b886f8a20cc0f8a3fbc89ba1239b750d9810461f29fcf91ca3f4150,manhattan_greedy,15,20,0.2,0.4,5,6,4;7;8;10;11;12,1,62,20,583.0,10,5,0,0.6615646258503401,0.25707672401040327
11,a7d8aef04b886f8a20cc0f8a3fbc89ba1239b750d9810461f29fcf91ca3f4150,path_cost_greedy,15,20,0.2,0.4,5,6,4;7;8;10;11;12,1,50,20,474.0,10,6,0,0.575,3.1895036950008944
11,a7d8aef04b886f8a20cc0f8a3fbc89ba1239b750d9810461f29fcf91ca3f4150,hungarian_astar,15,20,0.2,0.4,5,6,4;7;8;10;11;12,1,41,20,293.0,11,0,0,0.0,2.795612127010827
12,7a8e524d931398773b487a14d2285991117314ddb6d63bf0c8d28a77a51c504b,manhattan_greedy,15,20,0.2,0.4,5,6,0;1;2;8;11;12,1,32,20,308.0,8,10,0,0.41823899371069184,0.04612422200443689
12,7a8e524d931398773b487a14d2285991117314ddb6d63bf0c8d28a77a51c504b,path_cost_greedy,15,20,0.2,0.4,5,6,0;1;2;8;11;12,1,48,20,444.0,6,18,0,0.6277056277056277,2.4464502439950593
12,7a8e524d931398773b487a14d2285991117314ddb6d63bf0c8d28a77a51c504b,hungarian_astar,15,20,0.2,0.4,5,6,0;1;2;8;11;12,1,35,20,219.0,9,0,0,0.0,2.252250762001495
13,98aed25e5e736f72e2a01082390ca483dfe4958333720301fed29c4428c87d35,manhattan_greedy,15,20,0.2,0.4,5,6,2;4;6;7;9;11,1,41,20,386.0,11,13,0,0.6340852130325815,0.1732403600035468
13,98aed25e5e736f72e2a01082390ca483dfe4958333720301fed29c4428c87d35,path_cost_greedy,15,20,0.2,0.4,5,6,2;4;6;7;9;11,1,54,20,501.0,11,15,0,0.7441860465116279,2.189379616000224
13,98aed25e5e736f72e2a01082390ca483dfe4958333720301fed29c4428c87d35,hungarian_astar,15,20,0.2,0.4,5,6,2;4;6;7;9;11,1,33,20,227.0,11,1,0,0.0,1.763764376999461
14,77b4aaca64e2ce9712d122b4d8dfe6bf8aa2e568d72a19493177363870fe1597,manhattan_greedy,15,20,0.2,0.4,5,6,1;4;8;10;11;14,1,60,20,556.0,9,14,0,0.6473684210526316,0.13010778700117953
14,77b4aaca64e2ce9712d122b4d8dfe6bf8aa2e568d72a19493177363870fe1597,path_cost_greedy,15,20,0.2,0.4,5,6,1;4;8;10;11;14,1,64,20,586.0,9,20,0,0.6551155115511551,2.874897150002653
14,77b4aaca64e2ce9712d122b4d8dfe6bf8aa2e568d72a19493177363870fe1597,hungarian_astar,15,20,0.2,0.4,5,6,1;4;8;10;11;14,1,35,20,203.0,11,1,0,0.0,1.9882324250065722
15,9375cfe2eec4b264788eb9d8553e12931a7047555fa3632e2a5436593ff11ae1,manhattan_greedy,15,20,0.2,0.4,5,6,0;2;5;6;10;11,1,33,20,325.0,10,2,0,0.5657492354740061,0.054486402004840784
15,9375cfe2eec4b264788eb9d8553e12931a7047555fa3632e2a5436593ff11ae1,path_cost_greedy,15,20,0.2,0.4,5,6,0;2;5;6;10;11,1,33,20,322.0,10,5,0,0.5657492354740061,1.7108404239988886
15,9375cfe2eec4b264788eb9d8553e12931a7047555fa3632e2a5436593ff11ae1,hungarian_astar,15,20,0.2,0.4,5,6,0;2;5;6;10;11,1,23,20,185.0,11,0,0,0.0,1.5117267570021795
16,a049ff13f7b7a5a251f4dd66aa4bd77c6dbd438d6787b6d95a6c1665d8025a53,manhattan_greedy,15,20,0.2,0.4,5,6,4;7;8;9;13;14,1,26,20,260.0,12,4,0,0.4962121212121212,0.07439907500520349
16,a049ff13f7b7a5a251f4dd66aa4bd77c6dbd438d6787b6d95a6c1665d8025a53,path_cost_greedy,15,20,0.2,0.4,5,6,4;7;8;9;13;14,1,26,20,260.0,12,4,0,0.48863636363636365,1.728313027007971
16,a049ff13f7b7a5a251f4dd66aa4bd77c6dbd438d6787b6d95a6c1665d8025a53,hungarian_astar,15,20,0.2,0.4,5,6,4;7;8;9;13;14,1,23,20,185.0,13,0,0,0.0,1.7373817230109125
17,bd48f9d88a81de539cd6c36e4efa1249e5a6f957b5f67f49c26e56c3df02bfde,manhattan_greedy,15,20,0.2,0.4,5,6,5;6;7;8;11;12,1,60,20,539.0,8,31,0,0.6894736842105263,0.12464138799987268
17,bd48f9d88a81de539cd6c36e4efa1249e5a6f957b5f67f49c26e56c3df02bfde,path_cost_greedy,15,20,0.2,0.4,5,6,5;6;7;8;11;12,1,53,20,491.0,8,16,0,0.6824457593688363,2.6275155100011034
17,bd48f9d88a81de539cd6c36e4efa1249e5a6f957b5f67f49c26e56c3df02bfde,hungarian_astar,15,20,0.2,0.4,5,6,5;6;7;8;11;12,1,28,20,232.0,10,0,0,0.0,1.889115332000074
18,2fedb82381346e79fca0ea0fe6547f431b152e58447bd4bf3d808e5d8635a789,manhattan_greedy,15,20,0.2,0.4,5,6,2;8;9;10;13;14,1,31,20,302.0,10,7,0,0.5307443365695793,0.092016941998736
18,2fedb82381346e79fca0ea0fe6547f431b152e58447bd4bf3d808e5d8635a789,path_cost_greedy,15,20,0.2,0.4,5,6,2;8;9;10;13;14,1,42,20,397.0,10,11,0,0.6568627450980392,2.6275974919990404
18,2fedb82381346e79fca0ea0fe6547f431b152e58447bd4bf3d808e5d8635a789,hungarian_astar,15,20,0.2,0.4,5,6,2;8;9;10;13;14,1,32,20,243.0,11,2,0,0.0,2.4914789460017346
19,b2638726003cc78f41e4c81146cca003e48e283ff1ea63934f24b69c029f00d2,manhattan_greedy,15,20,0.2,0.4,5,6,0;2;4;9;12;13,1,38,20,362.0,9,10,0,0.5483870967741935,0.08844697699532844
19,b2638726003cc78f41e4c81146cca003e48e283ff1ea63934f24b69c029f00d2,path_cost_greedy,15,20,0.2,0.4,5,6,0;2;4;9;12;13,1,52,20,486.0,9,12,0,0.6445783132530121,2.6518765940127196
19,b2638726003cc78f41e4c81146cca003e48e283ff1ea63934f24b69c029f00d2,hungarian_astar,15,20,0.2,0.4,5,6,0;2;4;9;12;13,1,33,20,231.0,10,1,0,0.0,2.1132702640024945
20,b1a14a7f0c8df2360dbb0feeb1e68684fdb31869f272dff1da2983d0b115d4ee,manhattan_greedy,15,20,0.2,0.4,5,6,0;1;3;4;9;10,1,39,20,381.0,12,0,0,0.48556430446194226,0.072994068992557
20,b1a14a7f0c8df2360dbb0feeb1e68684fdb31869f272dff1da2983d0b115d4ee,path_cost_greedy,15,20,0.2,0.4,5,6,0;1;3;4;9;10,1,54,20,509.0,11,7,0,0.6298449612403101,2.1318542689987225
20,b1a14a7f0c8df2360dbb0feeb1e68684fdb31869f272dff1da2983d0b115d4ee,hungarian_astar,15,20,0.2,0.4,5,6,0;1;3;4;9;10,1,33,20,235.0,12,0,0,0.0,1.82193663000362
21,00bdac501a4c9641257628d2b27440d7406eec5b3ef0acb2a0c00bff5acaf731,manhattan_greedy,15,20,0.2,0.4,5,6,1;3;4;9;11;13,1,85,20,753.0,8,42,0,0.6842767295597484,0.3104221200046595
21,00bdac501a4c9641257628d2b27440d7406eec5b3ef0acb2a0c00bff5acaf731,path_cost_greedy,15,20,0.2,0.4,5,6,1;3;4;9;11;13,1,72,20,641.0,8,37,0,0.7330383480825958,5.28805058299622
21,00bdac501a4c9641257628d2b27440d7406eec5b3ef0acb2a0c00bff5acaf731,hungarian_astar,15,20,0.2,0.4,5,6,1;3;4;9;11;13,1,45,20,293.0,9,0,0,0.0,3.641209440000239
22,d902a0198fd731553b9101de4d11d0254542872b640ca6b3b06eea2ab489b9dd,manhattan_greedy,15,20,0.2,0.4,5,6,0;1;4;6;12;14,1,40,20,384.0,11,6,0,0.6487179487179487,0.08206687799247447
22,d902a0198fd731553b9101de4d11d0254542872b640ca6b3b06eea2ab489b9dd,path_cost_greedy,15,20,0.2,0.4,5,6,0;1;4;6;12;14,1,40,20,383.0,11,7,0,0.6461538461538462,1.3644522730028257
22,d902a0198fd731553b9101de4d11d0254542872b640ca6b3b06eea2ab489b9dd,hungarian_astar,15,20,0.2,0.4,5,6,0;1;4;6;12;14,1,28,20,175.0,12,0,0,0.0,1.389398286002688
23,07934270464130f11474705e989b5f024181a376da2d424144333bd097c9b727,manhattan_greedy,15,20,0.2,0.4,5,6,3;5;6;7;8;10,1,29,20,285.0,11,6,0,0.44673539518900346,0.05101603700313717
23,07934270464130f11474705e989b5f024181a376da2d424144333bd097c9b727,path_cost_greedy,15,20,0.2,0.4,5,6,3;5;6;7;8;10,1,32,20,306.0,10,12,0,0.5062893081761006,1.8676337450015126
23,07934270464130f11474705e989b5f024181a376da2d424144333bd097c9b727,hungarian_astar,15,20,0.2,0.4,5,6,3;5;6;7;8;10,1,29,20,200.0,11,0,0,0.0,1.5647490630071843
24,547dea9c1e76cff0b352f8b7a622b050c74691bfc473f9cdfc5738bcbdda3834,manhattan_greedy,15,20,0.2,0.4,5,6,1;5;6;10;12;13,1,43,20,407.0,10,10,0,0.5947242206235012,0.09138106199679896
24,547dea9c1e76cff0b352f8b7a622b050c74691bfc473f9cdfc5738bcbdda3834,path_cost_greedy,15,20,0.2,0.4,5,6,1;5;6;10;12;13,1,38,20,360.0,9,12,0,0.543010752688172,2.300127792012063
24,547dea9c1e76cff0b352f8b7a622b050c74691bfc473f9cdfc5738bcbdda3834,hungarian_astar,15,20,0.2,0.4,5,6,1;5;6;10;12;13,1,28,20,228.0,9,0,0,0.0,1.8271755879977718
25,87d1f2ff502e93aca75f40d827d39dbc3e6579c0fb538c1a6b352c45b5472fbc,manhattan_greedy,15,20,0.2,0.4,5,6,3;4;6;11;13;14,1,34,20,334.0,11,2,0,0.5625,0.07050884400086943
25,87d1f2ff502e93aca75f40d827d39dbc3e6579c0fb538c1a6b352c45b5472fbc,path_cost_greedy,15,20,0.2,0.4,5,6,3;4;6;11;13;14,1,29,20,289.0,12,2,0,0.5120274914089347,1.75613202599925
25,87d1f2ff502e93aca75f40d827d39dbc3e6579c0fb538c1a6b352c45b5472fbc,hungarian_astar,15,20,0.2,0.4,5,6,3;4;6;11;13;14,1,23,20,172.0,13,0,0,0.0,1.5406967570015695
26,dd46e93ac1946a1c9502789c39673df427af893168b0309f4126b92f1df066fd,manhattan_greedy,15,20,0.2,0.4,5,6,0;3;4;6;13;14,1,45,20,432.0,8,3,0,0.6114942528735632,0.06923498101241421
26,dd46e93ac1946a1c9502789c39673df427af893168b0309f4126b92f1df066fd,path_cost_greedy,15,20,0.2,0.4,5,6,0;3;4;6;13;14,1,51,20,475.0,7,14,0,0.6503067484662577,2.1556446140020853
26,dd46e93ac1946a1c9502789c39673df427af893168b0309f4126b92f1df066fd,hungarian_astar,15,20,0.2,0.4,5,6,0;3;4;6;13;14,1,34,20,278.0,9,0,0,0.0,2.2700523789972067
27,157c33620474ede024bb19583b72591c7148ea5ef66362319bb1b03dff946b3c,manhattan_greedy,15,20,0.2,0.4,5,6,3;4;6;9;11;14,1,44,20,424.0,11,2,0,0.5821596244131455,0.18468335100624245
27,157c33620474ede024bb19583b72591c7148ea5ef66362319bb1b03dff946b3c,path_cost_greedy,15,20,0.2,0.4,5,6,3;4;6;9;11;14,1,45,20,434.0,10,1,0,0.671264367816092,1.9251719710009638
27,157c33620474ede024bb19583b72591c7148ea5ef66362319bb1b03dff946b3c,hungarian_astar,15,20,0.2,0.4,5,6,3;4;6;9;11;14,1,33,20,249.0,10,0,0,0.0,1.7299882280058227
28,0b0090ab340fe847f5d113df6605f39bb1f6e473ca883688ec26ca82f9d86907,manhattan_greedy,15,20,0.2,0.4,5,6,0;1;2;10;11;13,1,37,20,353.0,10,10,0,0.6473829201101928,0.10362269599863794
28,0b0090ab340fe847f5d113df6605f39bb1f6e473ca883688ec26ca82f9d86907,path_cost_greedy,15,20,0.2,0.4,5,6,0;1;2;10;11;13,1,43,20,407.0,12,10,0,0.6786570743405276,2.0805934550007805
28,0b0090ab340fe847f5d113df6605f39bb1f6e473ca883688ec26ca82f9d86907,hungarian_astar,15,20,0.2,0.4,5,6,0;1;2;10;11;13,1,27,20,188.0,13,0,0,0.0,1.697808247001376
29,26d15bf20359cf8f7014f82d1c9074ea2c74c6d6a6596fc11fe5cae4b3ff83a0,manhattan_greedy,15,20,0.2,0.4,5,6,2;3;4;5;8;12,1,97,20,847.0,10,56,0,0.7951273532668881,0.2783589180035051
29,26d15bf20359cf8f7014f82d1c9074ea2c74c6d6a6596fc11fe5cae4b3ff83a0,path_cost_greedy,15,20,0.2,0.4,5,6,2;3;4;5;8;12,1,98,20,850.0,9,62,0,0.7927631578947368,3.687601342011476
29,26d15bf20359cf8f7014f82d1c9074ea2c74c6d6a6596fc11fe5cae4b3ff83a0,hungarian_astar,15,20,0.2,0.4,5,6,2;3;4;5;8;12,1,42,20,247.0,10,0,0,0.0,2.53384141701099
0,373da5453cae534ed0e5820cb254f00ee54b9e236b910ecc507d40c86c37ed24,manhattan_greedy,15,20,0.2,0.6,5,9,0;1;2;6;8;9;12;13;14,1,51,20,345.0,8,6,0,0.4586894586894587,0.05679775300086476
0,373da5453cae534ed0e5820cb254f00ee54b9e236b910ecc507d40c86c37ed24,path_cost_greedy,15,20,0.2,0.6,5,9,0;1;2;6;8;9;12;13;14,1,51,20,345.0,8,6,0,0.45014245014245013,1.9719613259949256
0,373da5453cae534ed0e5820cb254f00ee54b9e236b910ecc507d40c86c37ed24,hungarian_astar,15,20,0.2,0.6,5,9,0;1;2;6;8;9;12;13;14,1,46,20,237.0,8,0,0,0.0,2.0471415140054887
1,d9a2b175a7a3e1c67e9d2c435d9f3d50a2255318b91a79b9d0ee145f56f73c1b,manhattan_greedy,15,20,0.2,0.6,5,9,0;1;2;4;7;8;11;12;14,1,55,20,369.0,11,6,0,0.552,0.09349445599946193
1,d9a2b175a7a3e1c67e9d2c435d9f3d50a2255318b91a79b9d0ee145f56f73c1b,path_cost_greedy,15,20,0.2,0.6,5,9,0;1;2;4;7;8;11;12;14,1,53,20,357.0,10,6,0,0.5234159779614325,2.227406963997055
1,d9a2b175a7a3e1c67e9d2c435d9f3d50a2255318b91a79b9d0ee145f56f73c1b,hungarian_astar,15,20,0.2,0.6,5,9,0;1;2;4;7;8;11;12;14,1,45,20,257.0,10,3,0,0.0,2.9520929240097757
2,2c7aa5014f855d42cded0b042f5e559caf46c97c96b4ef879ce5a145ed99f338,manhattan_greedy,15,20,0.2,0.6,5,9,1;3;5;6;7;11;12;13;14,1,66,20,436.0,9,5,0,0.6099773242630385,0.17816745200252626
2,2c7aa5014f855d42cded0b042f5e559caf46c97c96b4ef879ce5a145ed99f338,path_cost_greedy,15,20,0.2,0.6,5,9,1;3;5;6;7;11;12;13;14,1,56,20,375.0,9,6,0,0.5013123359580053,2.5906486990134
2,2c7aa5014f855d42cded0b042f5e559caf46c97c96b4ef879ce5a145ed99f338,hungarian_astar,15,20,0.2,0.6,5,9,1;3;5;6;7;11;12;13;14,1,42,20,254.0,10,1,0,0.0,2.282981116004521
3,2b287e1ca6dbe51a24893c7a8f39cb821fad66d6441d6040b6e3bdfc80eb40e8,manhattan_greedy,15,20,0.2,0.6,5,9,1;2;3;5;6;7;11;12;13,1,32,20,231.0,10,6,0,0.459915611814346,0.04076839100162033
3,2b287e1ca6dbe51a24893c7a8f39cb821fad66d6441d6040b6e3bdfc80eb40e8,path_cost_greedy,15,20,0.2,0.6,5,9,1;2;3;5;6;7;11;12;13,1,32,20,231.0,10,6,0,0.46835443037974683,1.3006741240096744
3,2b287e1ca6dbe51a24893c7a8f39cb821fad66d6441d6040b6e3bdfc80eb40e8,hungarian_astar,15,20,0.2,0.6,5,9,1;2;3;5;6;7;11;12;13,1,29,20,172.0,10,0,0,0.0,1.1946381220041076
4,cdbdf308308dd71e329118a2a893e15624480f1b166789148f15f5570f62b09f,manhattan_greedy,15,20,0.2,0.6,5,9,0;1;3;7;8;9;11;13;14,1,81,20,521.0,7,10,0,0.664783427495292,0.1468731229979312
4,cdbdf308308dd71e329118a2a893e15624480f1b166789148f15f5570f62b09f,path_cost_greedy,15,20,0.2,0.6,5,9,0;1;3;7;8;9;11;13;14,1,77,20,497.0,7,10,0,0.6607495069033531,2.2577098929905333
4,cdbdf308308dd71e329118a2a893e15624480f1b166789148f15f5570f62b09f,hungarian_astar,15,20,0.2,0.6,5,9,0;1;3;7;8;9;11;13;14,1,55,20,291.0,8,1,0,0.0,2.428658428005292
5,084842ed1c0283d8869644d15d61f080bbc611ac9eed102df56952f8d59f0d98,manhattan_greedy,15,20,0.2,0.6,5,9,1;2;3;5;7;8;10;12;14,1,46,20,312.0,10,9,0,0.3894080996884735,0.14432020799722522
5,084842ed1c0283d8869644d15d61f080bbc611ac9eed102df56952f8d59f0d98,path_cost_greedy,15,20,0.2,0.6,5,9,1;2;3;5;7;8;10;12;14,1,68,20,447.0,9,6,0,0.5452538631346578,4.837961258992436
5,084842ed1c0283d8869644d15d61f080bbc611ac9eed102df56952f8d59f0d98,hungarian_astar,15,20,0.2,0.6,5,9,1;2;3;5;7;8;10;12;14,1,43,20,263.0,10,2,0,0.0,3.161536861996865
6,ab571899befc6e625b077ab5562b411484b2d802dfcdaab3537961193a88bc99,manhattan_greedy,15,20,0.2,0.6,5,9,2;3;4;7;9;11;12;13;14,1,36,20,259.0,8,2,0,0.3946360153256705,0.042579116008710116
6,ab571899befc6e625b077ab5562b411484b2d802dfcdaab3537961193a88bc99,path_cost_greedy,15,20,0.2,0.6,5,9,2;3;4;7;9;11;12;13;14,1,42,20,293.0,8,4,0,0.4444444444444444,1.8082961929903831
6,ab571899befc6e625b077ab5562b411484b2d802dfcdaab3537961193a88bc99,hungarian_astar,15,20,0.2,0.6,5,9,2;3;4;7;9;11;12;13;14,1,36,20,206.0,8,1,0,0.0,1.6423057549982332
7,d44613e0ff50096643de7759e2a6ff9b9a38dacb8e42f7147d011d58eac06768,manhattan_greedy,15,20,0.2,0.6,5,9,1;3;4;5;7;8;12;13;14,1,66,20,432.0,9,9,0,0.49206349206349204,0.15978847299993504
7,d44613e0ff50096643de7759e2a6ff9b9a38dacb8e42f7147d011d58eac06768,path_cost_greedy,15,20,0.2,0.6,5,9,1;3;4;5;7;8;12;13;14,1,64,20,420.0,9,9,0,0.49184149184149184,2.2657440829934785
7,d44613e0ff50096643de7759e2a6ff9b9a38dacb8e42f7147d011d58eac06768,hungarian_astar,15,20,0.2,0.6,5,9,1;3;4;5;7;8;12;13;14,1,49,20,258.0,10,1,0,0.0,2.3499302270065527
8,f894db0ca9ffeb2a03a0c98851209adc13b5620ca80fd367086baecdae577100,manhattan_greedy,15,20,0.2,0.6,5,9,0;1;2;4;5;6;8;9;12,1,53,20,358.0,11,5,0,0.48760330578512395,0.12525353398814332
8,f894db0ca9ffeb2a03a0c98851209adc13b5620ca80fd367086baecdae577100,path_cost_greedy,15,20,0.2,0.6,5,9,0;1;2;4;5;6;8;9;12,1,55,20,371.0,11,4,0,0.528,2.611773180004093
8,f894db0ca9ffeb2a03a0c98851209adc13b5620ca80fd367086baecdae577100,hungarian_astar,15,20,0.2,0.6,5,9,0;1;2;4;5;6;8;9;12,1,55,20,296.0,9,0,0,0.0,2.768857796007069
9,c5b68cda855df34a54ff5824e57bf17637fe3922358404968f0ffe872081a926,manhattan_greedy,15,20,0.2,0.6,5,9,0;1;3;4;6;8;9;10;13,1,79,20,502.0,8,17,0,0.6454720616570327,0.09578974699252285
9,c5b68cda855df34a54ff5824e57bf17637fe3922358404968f0ffe872081a926,path_cost_greedy,15,20,0.2,0.6,5,9,0;1;3;4;6;8;9;10;13,1,69,20,449.0,8,10,0,0.5925925925925926,1.9847112150018802
9,c5b68cda855df34a54ff5824e57bf17637fe3922358404968f0ffe872081a926,hungarian_astar,15,20,0.2,0.6,5,9,0;1;3;4;6;8;9;10;13,1,49,20,271.0,8,1,0,0.0,1.7085570780036505
10,dcc1a9f295482eda76eb9995bd9ae4eb1c4d01b44d5dc6ed52ad323e90716ac1,manhattan_greedy,15,20,0.2,0.6,5,9,3;4;5;7;8;9;10;12;14,1,52,20,350.0,7,7,0,0.5938375350140056,0.09106945199891925
10,dcc1a9f295482eda76eb9995bd9ae4eb1c4d01b44d5dc6ed52ad323e90716ac1,path_cost_greedy,15,20,0.2,0.6,5,9,3;4;5;7;8;9;10;12;14,1,78,20,504.0,7,9,0,0.6803118908382066,1.9033571100007975
10,dcc1a9f295482eda76eb9995bd9ae4eb1c4d01b44d5dc6ed52ad323e90716ac1,hungarian_astar,15,20,0.2,0.6,5,9,3;4;5;7;8;9;10;12;14,1,58,20,330.0,8,1,0,0.0,1.7411267559946282
11,a7d8aef04b886f8a20cc0f8a3fbc89ba1239b750d9810461f29fcf91ca3f4150,manhattan_greedy,15,20,0.2,0.6,5,9,1;2;3;5;6;7;8;9;12,1,80,20,516.0,7,9,0,0.5866666666666667,0.21009290900838096
11,a7d8aef04b886f8a20cc0f8a3fbc89ba1239b750d9810461f29fcf91ca3f4150,path_cost_greedy,15,20,0.2,0.6,5,9,1;2;3;5;6;7;8;9;12,1,74,20,481.0,7,8,0,0.5255623721881391,3.3988263859937433
11,a7d8aef04b886f8a20cc0f8a3fbc89ba1239b750d9810461f29fcf91ca3f4150,hungarian_astar,15,20,0.2,0.6,5,9,1;2;3;5;6;7;8;9;12,1,46,20,291.0,7,0,0,0.0,2.5287197770085186
12,7a8e524d931398773b487a14d2285991117314ddb6d63bf0c8d28a77a51c504b,manhattan_greedy,15,20,0.2,0.6,5,9,0;1;6;8;9;11;12;13;14,1,41,20,283.0,7,8,0,0.36769759450171824,0.052893789994413964
12,7a8e524d931398773b487a14d2285991117314ddb6d63bf0c8d28a77a51c504b,path_cost_greedy,15,20,0.2,0.6,5,9,0;1;6;8;9;11;12;13;14,1,50,20,338.0,7,7,0,0.4753623188405797,2.2063266659970395
12,7a8e524d931398773b487a14d2285991117314ddb6d63bf0c8d28a77a51c504b,hungarian_astar,15,20,0.2,0.6,5,9,0;1;6;8;9;11;12;13;14,1,39,20,258.0,6,0,0,0.0,2.09905876700941
13,98aed25e5e736f72e2a01082390ca483dfe4958333720301fed29c4428c87d35,manhattan_greedy,15,20,0.2,0.6,5,9,2;3;5;6;8;10;11;12;14,1,94,20,596.0,11,13,0,0.7126436781609196,0.13074446099926718
13,98aed25e5e736f72e2a01082390ca483dfe4958333720301fed29c4428c87d35,path_cost_greedy,15,20,0.2,0.6,5,9,2;3;5;6;8;10;11;12;14,1,108,20,670.0,11,23,0,0.7619047619047619,2.7541690549987834
13,98aed25e5e736f72e2a01082390ca483dfe4958333720301fed29c4428c87d35,hungarian_astar,15,20,0.2,0.6,5,9,2;3;5;6;8;10;11;12;14,1,64,20,351.0,11,1,0,0.0,1.9793339199968614
14,77b4aaca64e2ce9712d122b4d8dfe6bf8aa2e568d72a19493177363870fe1597,manhattan_greedy,15,20,0.2,0.6,5,9,0;3;6;8;9;11;12;13;14,1,57,20,380.0,9,7,0,0.4909560723514212,0.07840190701244865
14,77b4aaca64e2ce9712d122b4d8dfe6bf8aa2e568d72a19493177363870fe1597,path_cost_greedy,15,20,0.2,0.6,5,9,0;3;6;8;9;11;12;13;14,1,57,20,380.0,9,7,0,0.48578811369509045,2.143722394001088
14,77b4aaca64e2ce9712d122b4d8dfe6bf8aa2e568d72a19493177363870fe1597,hungarian_astar,15,20,0.2,0.6,5,9,0;3;6;8;9;11;12;13;14,1,50,20,228.0,9,1,0,0.0,1.93544261099305
15,9375cfe2eec4b264788eb9d8553e12931a7047555fa3632e2a5436593ff11ae1,manhattan_greedy,15,20,0.2,0.6,5,9,0;2;3;5;7;8;12;13;14,1,63,20,407.0,11,16,0,0.6548463356973995,0.16619501099921763
15,9375cfe2eec4b264788eb9d8553e12931a7047555fa3632e2a5436593ff11ae1,path_cost_greedy,15,20,0.2,0.6,5,9,0;2;3;5;7;8;12;13;14,1,63,20,404.0,11,19,0,0.6453900709219859,2.6386471490113763
15,9375cfe2eec4b264788eb9d8553e12931a7047555fa3632e2a5436593ff11ae1,hungarian_astar,15,20,0.2,0.6,5,9,0;2;3;5;7;8;12;13;14,1,33,20,209.0,11,1,0,0.0,1.575353799998993
16,a049ff13f7b7a5a251f4dd66aa4bd77c6dbd438d6787b6d95a6c1665d8025a53,manhattan_greedy,15,20,0.2,0.6,5,9,3;5;6;7;10;11;12;13;14,1,46,20,319.0,12,2,0,0.5919003115264797,0.1764169610105455
16,a049ff13f7b7a5a251f4dd66aa4bd77c6dbd438d6787b6d95a6c1665d8025a53,path_cost_greedy,15,20,0.2,0.6,5,9,3;5;6;7;10;11;12;13;14,1,48,20,320.0,11,13,0,0.5825825825825826,2.160747349000303
16,a049ff13f7b7a5a251f4dd66aa4bd77c6dbd438d6787b6d95a6c1665d8025a53,hungarian_astar,15,20,0.2,0.6,5,9,3;5;6;7;10;11;12;13;14,1,48,20,228.0,11,0,0,0.0,2.0865152360056527
17,bd48f9d88a81de539cd6c36e4efa1249e5a6f957b5f67f49c26e56c3df02bfde,manhattan_greedy,15,20,0.2,0.6,5,9,2;3;4;5;6;8;9;13;14,1,34,20,249.0,10,0,0,0.3815261044176707,0.04240145599760581
17,bd48f9d88a81de539cd6c36e4efa1249e5a6f957b5f67f49c26e56c3df02bfde,path_cost_greedy,15,20,0.2,0.6,5,9,2;3;4;5;6;8;9;13;14,1,34,20,244.0,10,5,0,0.3654618473895582,1.6498514949926175
17,bd48f9d88a81de539cd6c36e4efa1249e5a6f957b5f67f49c26e56c3df02bfde,hungarian_astar,15,20,0.2,0.6,5,9,2;3;4;5;6;8;9;13;14,1,44,20,218.0,10,0,0,0.0,1.660053629995673
18,2fedb82381346e79fca0ea0fe6547f431b152e58447bd4bf3d808e5d8635a789,manhattan_greedy,15,20,0.2,0.6,5,9,0;1;2;3;6;7;8;11;12,1,44,20,305.0,8,4,0,0.47896440129449835,0.09001366600568872
18,2fedb82381346e79fca0ea0fe6547f431b152e58447bd4bf3d808e5d8635a789,path_cost_greedy,15,20,0.2,0.6,5,9,0;1;2;3;6;7;8;11;12,1,44,20,305.0,8,4,0,0.48220064724919093,2.1682891009986633
18,2fedb82381346e79fca0ea0fe6547f431b152e58447bd4bf3d808e5d8635a789,hungarian_astar,15,20,0.2,0.6,5,9,0;1;2;3;6;7;8;11;12,1,44,20,258.0,8,2,0,0.0,2.824877403996652
19,b2638726003cc78f41e4c81146cca003e48e283ff1ea63934f24b69c029f00d2,manhattan_greedy,15,20,0.2,0.6,5,9,0;1;2;3;6;9;10;13;14,1,93,20,586.0,8,17,0,0.6716417910447762,0.26150450500426814
19,b2638726003cc78f41e4c81146cca003e48e283ff1ea63934f24b69c029f00d2,path_cost_greedy,15,20,0.2,0.6,5,9,0;1;2;3;6;9;10;13;14,1,85,20,545.0,8,10,0,0.6162162162162163,3.307676691998495
19,b2638726003cc78f41e4c81146cca003e48e283ff1ea63934f24b69c029f00d2,hungarian_astar,15,20,0.2,0.6,5,9,0;1;2;3;6;9;10;13;14,1,47,20,283.0,8,1,0,0.0,3.1277167109947186
20,b1a14a7f0c8df2360dbb0feeb1e68684fdb31869f272dff1da2983d0b115d4ee,manhattan_greedy,15,20,0.2,0.6,5,9,0;2;3;6;7;8;11;12;14,1,46,20,320.0,7,1,0,0.40498442367601245,0.09032911999383941
20,b1a14a7f0c8df2360dbb0feeb1e68684fdb31869f272dff1da2983d0b115d4ee,path_cost_greedy,15,20,0.2,0.6,5,9,0;2;3;6;7;8;11;12;14,1,58,20,392.0,7,1,0,0.48091603053435117,2.6844533650000812
20,b1a14a7f0c8df2360dbb0feeb1e68684fdb31869f272dff1da2983d0b115d4ee,hungarian_astar,15,20,0.2,0.6,5,9,0;2;3;6;7;8;11;12;14,1,43,20,238.0,7,0,0,0.0,2.5104038899880834
21,00bdac501a4c9641257628d2b27440d7406eec5b3ef0acb2a0c00bff5acaf731,manhattan_greedy,15,20,0.2,0.6,5,9,0;1;3;6;7;10;11;12;13,1,74,20,478.0,9,11,0,0.5357873210633947,0.2700830339890672
21,00bdac501a4c9641257628d2b27440d7406eec5b3ef0acb2a0c00bff5acaf731,path_cost_greedy,15,20,0.2,0.6,5,9,0;1;3;6;7;10;11;12;13,1,77,20,497.0,9,10,0,0.6094674556213018,8.841195946006337
21,00bdac501a4c9641257628d2b27440d7406eec5b3ef0acb2a0c00bff5acaf731,hungarian_astar,15,20,0.2,0.6,5,9,0;1;3;6;7;10;11;12;13,1,61,20,335.0,7,0,0,0.0,8.674210530996788
22,d902a0198fd731553b9101de4d11d0254542872b640ca6b3b06eea2ab489b9dd,manhattan_greedy,15,20,0.2,0.6,5,9,0;1;3;4;5;6;9;12;14,1,40,20,281.0,10,4,0,0.5052631578947369,0.12761455100553576
22,d902a0198fd731553b9101de4d11d0254542872b640ca6b3b06eea2ab489b9dd,path_cost_greedy,15,20,0.2,0.6,5,9,0;1;3;4;5;6;9;12;14,1,40,20,281.0,10,4,0,0.5052631578947369,3.1129698940058006
22,d902a0198fd731553b9101de4d11d0254542872b640ca6b3b06eea2ab489b9dd,hungarian_astar,15,20,0.2,0.6,5,9,0;1;3;4;5;6;9;12;14,1,38,20,185.0,10,0,0,0.0,3.677852362001431
23,07934270464130f11474705e989b5f024181a376da2d424144333bd097c9b727,manhattan_greedy,15,20,0.2,0.6,5,9,2;4;6;7;10;11;12;13;14,1,40,20,281.0,11,4,0,0.43157894736842106,0.15039299199997913
23,07934270464130f11474705e989b5f024181a376da2d424144333bd097c9b727,path_cost_greedy,15,20,0.2,0.6,5,9,2;4;6;7;10;11;12;13;14,1,40,20,281.0,11,4,0,0.43859649122807015,3.8704601929930504
23,07934270464130f11474705e989b5f024181a376da2d424144333bd097c9b727,hungarian_astar,15,20,0.2,0.6,5,9,2;4;6;7;10;11;12;13;14,1,33,20,202.0,10,0,0,0.0,2.780970323001384
24,547dea9c1e76cff0b352f8b7a622b050c74691bfc473f9cdfc5738bcbdda3834,manhattan_greedy,15,20,0.2,0.6,5,9,0;1;3;5;8;9;12;13;14,1,76,20,491.0,7,10,0,0.592814371257485,0.28261440800270066
24,547dea9c1e76cff0b352f8b7a622b050c74691bfc473f9cdfc5738bcbdda3834,path_cost_greedy,15,20,0.2,0.6,5,9,0;1;3;5;8;9;12;13;14,1,76,20,494.0,7,7,0,0.6047904191616766,5.892346383014228
24,547dea9c1e76cff0b352f8b7a622b050c74691bfc473f9cdfc5738bcbdda3834,hungarian_astar,15,20,0.2,0.6,5,9,0;1;3;5;8;9;12;13;14,1,40,20,254.0,6,0,0,0.0,5.314078156006872
25,87d1f2ff502e93aca75f40d827d39dbc3e6579c0fb538c1a6b352c45b5472fbc,manhattan_greedy,15,20,0.2,0.6,5,9,1;2;3;4;8;10;11;12;14,1,43,20,301.0,11,2,0,0.45874587458745875,0.17339549999451265
25,87d1f2ff502e93aca75f40d827d39dbc3e6579c0fb538c1a6b352c45b5472fbc,path_cost_greedy,15,20,0.2,0.6,5,9,1;2;3;4;8;10;11;12;14,1,43,20,300.0,11,3,0,0.47194719471947194,3.5770967970020138
25,87d1f2ff502e93aca75f40d827d39dbc3e6579c0fb538c1a6b352c45b5472fbc,hungarian_astar,15,20,0.2,0.6,5,9,1;2;3;4;8;10;11;12;14,1,42,20,196.0,10,0,0,0.0,3.59284566900169
26,dd46e93ac1946a1c9502789c39673df427af893168b0309f4126b92f1df066fd,manhattan_greedy,15,20,0.2,0.6,5,9,0;2;3;4;10;11;12;13;14,1,58,20,387.0,6,6,0,0.4910941475826972,0.12561822299903724
26,dd46e93ac1946a1c9502789c39673df427af893168b0309f4126b92f1df066fd,path_cost_greedy,15,20,0.2,0.6,5,9,0;2;3;4;10;11;12;13;14,1,58,20,389.0,5,4,0,0.4631043256997455,6.901535013996181
26,dd46e93ac1946a1c9502789c39673df427af893168b0309f4126b92f1df066fd,hungarian_astar,15,20,0.2,0.6,5,9,0;2;3;4;10;11;12;13;14,1,42,20,268.0,7,0,0,0.0,5.3601191630004905
27,157c33620474ede024bb19583b72591c7148ea5ef66362319bb1b03dff946b3c,manhattan_greedy,15,20,0.2,0.6,5,9,2;3;5;7;8;10;11;13;14,1,46,20,321.0,10,0,0,0.5295950155763239,0.18122268001025077
27,157c33620474ede024bb19583b72591c7148ea5ef66362319bb1b03dff946b3c,path_cost_greedy,15,20,0.2,0.6,5,9,2;3;5;7;8;10;11;13;14,1,46,20,321.0,10,0,0,0.5545171339563862,2.6724795140034985
27,157c33620474ede024bb19583b72591c7148ea5ef66362319bb1b03dff946b3c,hungarian_astar,15,20,0.2,0.6,5,9,2;3;5;7;8;10;11;13;14,1,34,20,195.0,11,0,0,0.0,3.136602083002799
28,0b0090ab340fe847f5d113df6605f39bb1f6e473ca883688ec26ca82f9d86907,manhattan_greedy,15,20,0.2,0.6,5,9,0;1;5;7;8;10;11;12;14,1,68,20,442.0,10,11,0,0.6423841059602649,0.3359123760019429
28,0b0090ab340fe847f5d113df6605f39bb1f6e473ca883688ec26ca82f9d86907,path_cost_greedy,15,20,0.2,0.6,5,9,0;1;5;7;8;10;11;12;14,1,63,20,419.0,10,4,0,0.5815602836879432,5.891052388004027
28,0b0090ab340fe847f5d113df6605f39bb1f6e473ca883688ec26ca82f9d86907,hungarian_astar,15,20,0.2,0.6,5,9,0;1;5;7;8;10;11;12;14,1,33,20,201.0,10,0,0,0.0,2.8598714800027665
29,26d15bf20359cf8f7014f82d1c9074ea2c74c6d6a6596fc11fe5cae4b3ff83a0,manhattan_greedy,15,20,0.2,0.6,5,9,2;4;5;6;8;9;10;11;13,1,80,20,512.0,9,13,0,0.6152380952380953,0.21438510800362565
29,26d15bf20359cf8f7014f82d1c9074ea2c74c6d6a6596fc11fe5cae4b3ff83a0,path_cost_greedy,15,20,0.2,0.6,5,9,2;4;5;6;8;9;10;11;13,1,73,20,472.0,9,11,0,0.5320910973084886,3.5532205810013693
29,26d15bf20359cf8f7014f82d1c9074ea2c74c6d6a6596fc11fe5cae4b3ff83a0,hungarian_astar,15,20,0.2,0.6,5,9,2;4;5;6;8;9;10;11;13,1,56,20,283.0,8,0,0,0.0,3.4647050560015487
