seed,scenario_fingerprint,failure_rate,failed_agent_ids,method,success,iterations,total_distance,blocked_moves,redundancy,runtime_seconds,assignment_requests,global_assignment_calls,event_replans,periodic_replans
0,373da5453cae534ed0e5820cb254f00ee54b9e236b910ecc507d40c86c37ed24,0.0,,repeated,1,28,221.0,0,0.0,2.8707070630043745,28,28,nan,nan
0,373da5453cae534ed0e5820cb254f00ee54b9e236b910ecc507d40c86c37ed24,0.0,,event_global,1,28,221.0,0,0.0,1.6953866629919503,28,15,14,0
0,373da5453cae534ed0e5820cb254f00ee54b9e236b910ecc507d40c86c37ed24,0.0,,local_repair,1,67,309.0,0,0.0,0.34071769600268453,67,4,nan,nan
1,d9a2b175a7a3e1c67e9d2c435d9f3d50a2255318b91a79b9d0ee145f56f73c1b,0.0,,repeated,1,20,195.0,1,0.0,2.1325177250109846,20,20,nan,nan
1,d9a2b175a7a3e1c67e9d2c435d9f3d50a2255318b91a79b9d0ee145f56f73c1b,0.0,,event_global,1,20,195.0,1,0.0,1.6779287550016306,20,14,13,0
1,d9a2b175a7a3e1c67e9d2c435d9f3d50a2255318b91a79b9d0ee145f56f73c1b,0.0,,local_repair,1,28,231.0,2,0.0,0.24632503199973144,28,6,nan,nan
2,2c7aa5014f855d42cded0b042f5e559caf46c97c96b4ef879ce5a145ed99f338,0.0,,repeated,1,27,207.0,2,0.0,1.9061334869911661,27,27,nan,nan
2,2c7aa5014f855d42cded0b042f5e559caf46c97c96b4ef879ce5a145ed99f338,0.0,,event_global,1,27,207.0,2,0.0,1.0860760880023008,27,13,12,0
2,2c7aa5014f855d42cded0b042f5e559caf46c97c96b4ef879ce5a145ed99f338,0.0,,local_repair,0,500,221.0,497,0.0,0.3387848130078055,500,4,nan,nan
3,2b287e1ca6dbe51a24893c7a8f39cb821fad66d6441d6040b6e3bdfc80eb40e8,0.0,,repeated,1,21,163.0,0,0.0,1.2168767469993327,21,21,nan,nan
3,2b287e1ca6dbe51a24893c7a8f39cb821fad66d6441d6040b6e3bdfc80eb40e8,0.0,,event_global,1,21,163.0,0,0.0,0.7706841990002431,21,12,11,0
3,2b287e1ca6dbe51a24893c7a8f39cb821fad66d6441d6040b6e3bdfc80eb40e8,0.0,,local_repair,0,500,195.0,973,0.0,0.2925513700029114,500,4,nan,nan
4,cdbdf308308dd71e329118a2a893e15624480f1b166789148f15f5570f62b09f,0.0,,repeated,1,27,241.0,2,0.0,2.0553928739973344,27,27,nan,nan
4,cdbdf308308dd71e329118a2a893e15624480f1b166789148f15f5570f62b09f,0.0,,event_global,1,27,241.0,2,0.0,1.307338641010574,27,15,14,0
4,cdbdf308308dd71e329118a2a893e15624480f1b166789148f15f5570f62b09f,0.0,,local_repair,0,500,313.0,475,0.0,0.6387045370065607,500,5,nan,nan
5,084842ed1c0283d8869644d15d61f080bbc611ac9eed102df56952f8d59f0d98,0.0,,repeated,1,29,238.0,0,0.0,4.393552031004219,29,29,nan,nan
5,084842ed1c0283d8869644d15d61f080bbc611ac9eed102df56952f8d59f0d98,0.0,,event_global,1,29,238.0,0,0.0,1.9927350630023284,29,13,12,0
5,084842ed1c0283d8869644d15d61f080bbc611ac9eed102df56952f8d59f0d98,0.0,,local_repair,1,66,372.0,0,0.0,0.5354704700002912,66,3,nan,nan
6,ab571899befc6e625b077ab5562b411484b2d802dfcdaab3537961193a88bc99,0.0,,repeated,1,29,233.0,1,0.0,2.4289916980051203,29,29,nan,nan
6,ab571899befc6e625b077ab5562b411484b2d802dfcdaab3537961193a88bc99,0.0,,event_global,1,29,233.0,1,0.0,1.622880760987755,29,16,15,0
6,ab571899befc6e625b077ab5562b411484b2d802dfcdaab3537961193a88bc99,0.0,,local_repair,0,500,261.0,482,0.0,0.33017211699916515,500,6,nan,nan
7,d44613e0ff50096643de7759e2a6ff9b9a38dacb8e42f7147d011d58eac06768,0.0,,repeated,1,23,158.0,1,0.0,2.000387968000723,23,23,nan,nan
7,d44613e0ff50096643de7759e2a6ff9b9a38dacb8e42f7147d011d58eac06768,0.0,,event_global,1,23,158.0,1,0.0,1.3591279679967556,23,12,11,0
7,d44613e0ff50096643de7759e2a6ff9b9a38dacb8e42f7147d011d58eac06768,0.0,,local_repair,0,500,196.0,1445,0.0,0.5360746509977616,500,4,nan,nan
8,f894db0ca9ffeb2a03a0c98851209adc13b5620ca80fd367086baecdae577100,0.0,,repeated,1,23,179.0,0,0.0,2.639244834004785,23,23,nan,nan
8,f894db0ca9ffeb2a03a0c98851209adc13b5620ca80fd367086baecdae577100,0.0,,event_global,1,23,179.0,0,0.0,2.042814726999495,23,15,14,0
8,f894db0ca9ffeb2a03a0c98851209adc13b5620ca80fd367086baecdae577100,0.0,,local_repair,0,500,198.0,949,0.0,0.6763180420093704,500,5,nan,nan
9,c5b68cda855df34a54ff5824e57bf17637fe3922358404968f0ffe872081a926,0.0,,repeated,1,22,169.0,1,0.0,2.1801549329975387,22,22,nan,nan
9,c5b68cda855df34a54ff5824e57bf17637fe3922358404968f0ffe872081a926,0.0,,event_global,1,22,169.0,1,0.0,1.4453628349874634,22,14,13,0
9,c5b68cda855df34a54ff5824e57bf17637fe3922358404968f0ffe872081a926,0.0,,local_repair,0,500,166.0,496,0.0,0.4553385769977467,500,3,nan,nan
10,dcc1a9f295482eda76eb9995bd9ae4eb1c4d01b44d5dc6ed52ad323e90716ac1,0.0,,repeated,1,27,259.0,1,0.0,2.575571988010779,27,27,nan,nan
10,dcc1a9f295482eda76eb9995bd9ae4eb1c4d01b44d5dc6ed52ad323e90716ac1,0.0,,event_global,1,27,259.0,1,0.0,1.5757832130038878,27,16,15,0
10,dcc1a9f295482eda76eb9995bd9ae4eb1c4d01b44d5dc6ed52ad323e90716ac1,0.0,,local_repair,0,500,326.0,962,0.0,0.5001502660015831,500,6,nan,nan
11,a7d8aef04b886f8a20cc0f8a3fbc89ba1239b750d9810461f29fcf91ca3f4150,0.0,,repeated,1,27,190.0,0,0.0,2.821193530005985,27,27,nan,nan
11,a7d8aef04b886f8a20cc0f8a3fbc89ba1239b750d9810461f29fcf91ca3f4150,0.0,,event_global,1,27,190.0,0,0.0,1.5870833150111139,27,14,13,0
11,a7d8aef04b886f8a20cc0f8a3fbc89ba1239b750d9810461f29fcf91ca3f4150,0.0,,local_repair,0,500,239.0,482,0.0,1.5816055290051736,500,5,nan,nan
12,7a8e524d931398773b487a14d2285991117314ddb6d63bf0c8d28a77a51c504b,0.0,,repeated,1,20,212.0,0,0.0,2.5087688689964125,20,20,nan,nan
12,7a8e524d931398773b487a14d2285991117314ddb6d63bf0c8d28a77a51c504b,0.0,,event_global,1,20,212.0,0,0.0,1.377249867990031,20,13,12,0
12,7a8e524d931398773b487a14d2285991117314ddb6d63bf0c8d28a77a51c504b,0.0,,local_repair,0,500,258.0,981,0.0,0.6876600560062798,500,4,nan,nan
13,98aed25e5e736f72e2a01082390ca483dfe4958333720301fed29c4428c87d35,0.0,,repeated,1,24,190.0,1,0.0,2.1292129020002903,24,24,nan,nan
13,98aed25e5e736f72e2a01082390ca483dfe4958333720301fed29c4428c87d35,0.0,,event_global,1,24,190.0,1,0.0,1.317281458992511,24,13,12,0
13,98aed25e5e736f72e2a01082390ca483dfe4958333720301fed29c4428c87d35,0.0,,local_repair,0,500,290.0,477,0.0,0.4095040280080866,500,4,nan,nan
14,77b4aaca64e2ce9712d122b4d8dfe6bf8aa2e568d72a19493177363870fe1597,0.0,,repeated,1,18,159.0,1,0.0,1.926608124995255,18,18,nan,nan
14,77b4aaca64e2ce9712d122b4d8dfe6bf8aa2e568d72a19493177363870fe1597,0.0,,event_global,1,18,159.0,1,0.0,0.9752929420064902,18,10,9,0
14,77b4aaca64e2ce9712d122b4d8dfe6bf8aa2e568d72a19493177363870fe1597,0.0,,local_repair,1,25,175.0,2,0.0,0.25068498999462463,25,3,nan,nan
15,9375cfe2eec4b264788eb9d8553e12931a7047555fa3632e2a5436593ff11ae1,0.0,,repeated,1,22,172.0,0,0.0,2.0568637609976577,22,22,nan,nan
15,9375cfe2eec4b264788eb9d8553e12931a7047555fa3632e2a5436593ff11ae1,0.0,,event_global,1,22,172.0,0,0.0,1.3500932140013902,22,12,11,0
15,9375cfe2eec4b264788eb9d8553e12931a7047555fa3632e2a5436593ff11ae1,0.0,,local_repair,0,500,186.0,1442,0.0,0.740747743009706,500,4,nan,nan
16,a049ff13f7b7a5a251f4dd66aa4bd77c6dbd438d6787b6d95a6c1665d8025a53,0.0,,repeated,1,17,146.0,0,0.0,2.2187080480071018,17,17,nan,nan
16,a049ff13f7b7a5a251f4dd66aa4bd77c6dbd438d6787b6d95a6c1665d8025a53,0.0,,event_global,1,17,146.0,0,0.0,1.6676768350007478,17,13,12,0
16,a049ff13f7b7a5a251f4dd66aa4bd77c6dbd438d6787b6d95a6c1665d8025a53,0.0,,local_repair,1,21,162.0,0,0.0,0.2507282370061148,21,3,nan,nan
17,bd48f9d88a81de539cd6c36e4efa1249e5a6f957b5f67f49c26e56c3df02bfde,0.0,,repeated,1,26,189.0,0,0.0,2.3906704139953945,26,26,nan,nan
17,bd48f9d88a81de539cd6c36e4efa1249e5a6f957b5f67f49c26e56c3df02bfde,0.0,,event_global,1,26,189.0,0,0.0,1.8043548019923037,26,15,14,0
17,bd48f9d88a81de539cd6c36e4efa1249e5a6f957b5f67f49c26e56c3df02bfde,0.0,,local_repair,0,500,231.0,487,0.0,0.399021894991165,500,5,nan,nan
18,2fedb82381346e79fca0ea0fe6547f431b152e58447bd4bf3d808e5d8635a789,0.0,,repeated,1,22,187.0,4,0.0,2.568232999998145,22,22,nan,nan
18,2fedb82381346e79fca0ea0fe6547f431b152e58447bd4bf3d808e5d8635a789,0.0,,event_global,1,22,187.0,4,0.0,2.0312479219865054,22,14,13,0
18,2fedb82381346e79fca0ea0fe6547f431b152e58447bd4bf3d808e5d8635a789,0.0,,local_repair,0,500,228.0,948,0.0,0.6176247999974294,500,4,nan,nan
19,b2638726003cc78f41e4c81146cca003e48e283ff1ea63934f24b69c029f00d2,0.0,,repeated,1,25,216.0,2,0.0,2.4606848399998853,25,25,nan,nan
19,b2638726003cc78f41e4c81146cca003e48e283ff1ea63934f24b69c029f00d2,0.0,,event_global,1,25,216.0,2,0.0,1.8264593280036934,25,16,15,0
19,b2638726003cc78f41e4c81146cca003e48e283ff1ea63934f24b69c029f00d2,0.0,,local_repair,1,39,258.0,4,0.0,0.2736263139959192,39,6,nan,nan
20,b1a14a7f0c8df2360dbb0feeb1e68684fdb31869f272dff1da2983d0b115d4ee,0.0,,repeated,1,28,222.0,0,0.0,2.3013098149967846,28,28,nan,nan
20,b1a14a7f0c8df2360dbb0feeb1e68684fdb31869f272dff1da2983d0b115d4ee,0.0,,event_global,1,28,222.0,0,0.0,1.2930010389973177,28,12,11,0
20,b1a14a7f0c8df2360dbb0feeb1e68684fdb31869f272dff1da2983d0b115d4ee,0.0,,local_repair,1,36,241.0,2,0.0,0.24850954799330793,36,5,nan,nan
21,00bdac501a4c9641257628d2b27440d7406eec5b3ef0acb2a0c00bff5acaf731,0.0,,repeated,1,25,259.0,0,0.0,3.8718115100055,25,25,nan,nan
21,00bdac501a4c9641257628d2b27440d7406eec5b3ef0acb2a0c00bff5acaf731,0.0,,event_global,1,25,259.0,0,0.0,2.1510068500065245,25,14,13,0
21,00bdac501a4c9641257628d2b27440d7406eec5b3ef0acb2a0c00bff5acaf731,0.0,,local_repair,0,500,325.0,442,0.0,0.6813921870052582,500,5,nan,nan
22,d902a0198fd731553b9101de4d11d0254542872b640ca6b3b06eea2ab489b9dd,0.0,,repeated,1,18,173.0,0,0.0,1.958916211995529,18,18,nan,nan
22,d902a0198fd731553b9101de4d11d0254542872b640ca6b3b06eea2ab489b9dd,0.0,,event_global,1,18,173.0,0,0.0,1.3159513649879955,18,11,10,0
22,d902a0198fd731553b9101de4d11d0254542872b640ca6b3b06eea2ab489b9dd,0.0,,local_repair,1,31,196.0,0,0.0,0.2173417559970403,31,5,nan,nan
23,07934270464130f11474705e989b5f024181a376da2d424144333bd097c9b727,0.0,,repeated,1,19,175.0,0,0.0,1.7903135670057964,19,19,nan,nan
23,07934270464130f11474705e989b5f024181a376da2d424144333bd097c9b727,0.0,,event_global,1,19,175.0,0,0.0,1.4210569489951013,19,13,12,0
23,07934270464130f11474705e989b5f024181a376da2d424144333bd097c9b727,0.0,,local_repair,0,500,185.0,486,0.0,0.38319179900281597,500,4,nan,nan
24,547dea9c1e76cff0b352f8b7a622b050c74691bfc473f9cdfc5738bcbdda3834,0.0,,repeated,1,21,168.0,0,0.0,2.2534592719894135,21,21,nan,nan
24,547dea9c1e76cff0b352f8b7a622b050c74691bfc473f9cdfc5738bcbdda3834,0.0,,event_global,1,21,168.0,0,0.0,1.5606921459984733,21,13,12,0
24,547dea9c1e76cff0b352f8b7a622b050c74691bfc473f9cdfc5738bcbdda3834,0.0,,local_repair,0,500,217.0,461,0.0,0.32709090200660285,500,4,nan,nan
25,87d1f2ff502e93aca75f40d827d39dbc3e6579c0fb538c1a6b352c45b5472fbc,0.0,,repeated,1,23,166.0,3,0.0,2.13925402899622,23,23,nan,nan
25,87d1f2ff502e93aca75f40d827d39dbc3e6579c0fb538c1a6b352c45b5472fbc,0.0,,event_global,1,23,166.0,3,0.0,1.6287837739946553,23,15,14,0
25,87d1f2ff502e93aca75f40d827d39dbc3e6579c0fb538c1a6b352c45b5472fbc,0.0,,local_repair,0,500,237.0,475,0.0,0.38745868898695335,500,4,nan,nan
26,dd46e93ac1946a1c9502789c39673df427af893168b0309f4126b92f1df066fd,0.0,,repeated,1,30,315.0,0,0.0,3.376719710009638,30,30,nan,nan
26,dd46e93ac1946a1c9502789c39673df427af893168b0309f4126b92f1df066fd,0.0,,event_global,1,30,315.0,0,0.0,1.273085736000212,30,12,11,0
26,dd46e93ac1946a1c9502789c39673df427af893168b0309f4126b92f1df066fd,0.0,,local_repair,0,500,407.0,468,0.0,0.4361097189976135,500,5,nan,nan
27,157c33620474ede024bb19583b72591c7148ea5ef66362319bb1b03dff946b3c,0.0,,repeated,1,23,195.0,0,0.0,1.882305606995942,23,23,nan,nan
27,157c33620474ede024bb19583b72591c7148ea5ef66362319bb1b03dff946b3c,0.0,,event_global,1,23,195.0,0,0.0,1.405620926991105,23,15,14,0
27,157c33620474ede024bb19583b72591c7148ea5ef66362319bb1b03dff946b3c,0.0,,local_repair,1,43,230.0,0,0.0,0.23047457200300414,43,4,nan,nan
28,0b0090ab340fe847f5d113df6605f39bb1f6e473ca883688ec26ca82f9d86907,0.0,,repeated,1,15,130.0,0,0.0,1.584777968004346,15,15,nan,nan
28,0b0090ab340fe847f5d113df6605f39bb1f6e473ca883688ec26ca82f9d86907,0.0,,event_global,1,15,130.0,0,0.0,1.4359145990019897,15,12,11,0
28,0b0090ab340fe847f5d113df6605f39bb1f6e473ca883688ec26ca82f9d86907,0.0,,local_repair,0,500,178.0,959,0.0,0.364920993000851,500,5,nan,nan
29,26d15bf20359cf8f7014f82d1c9074ea2c74c6d6a6596fc11fe5cae4b3ff83a0,0.0,,repeated,1,24,176.0,0,0.0,2.5275031160126673,24,24,nan,nan
29,26d15bf20359cf8f7014f82d1c9074ea2c74c6d6a6596fc11fe5cae4b3ff83a0,0.0,,event_global,1,24,176.0,0,0.0,1.4964443420030875,24,12,11,0
29,26d15bf20359cf8f7014f82d1c9074ea2c74c6d6a6596fc11fe5cae4b3ff83a0,0.0,,local_repair,1,47,223.0,0,0.0,0.31076741800643504,47,4,nan,nan
0,373da5453cae534ed0e5820cb254f00ee54b9e236b910ecc507d40c86c37ed24,0.2,1;2;3,repeated,1,32,248.0,0,0.0,2.8741852149978513,32,32,nan,nan
0,373da5453cae534ed0e5820cb254f00ee54b9e236b910ecc507d40c86c37ed24,0.2,1;2;3,event_global,1,32,248.0,0,0.0,1.424567879003007,32,14,13,0
0,373da5453cae534ed0e5820cb254f00ee54b9e236b910ecc507d40c86c37ed24,0.2,1;2;3,local_repair,0,500,327.0,470,0.0,0.46201485999336,500,5,nan,nan
1,d9a2b175a7a3e1c67e9d2c435d9f3d50a2255318b91a79b9d0ee145f56f73c1b,0.2,4;7;13,repeated,1,27,223.0,3,0.0,2.62488169799326,27,27,nan,nan
1,d9a2b175a7a3e1c67e9d2c435d9f3d50a2255318b91a79b9d0ee145f56f73c1b,0.2,4;7;13,event_global,1,27,223.0,3,0.0,1.9369969120016322,27,16,15,0
1,d9a2b175a7a3e1c67e9d2c435d9f3d50a2255318b91a79b9d0ee145f56f73c1b,0.2,4;7;13,local_repair,0,500,300.0,466,0.0,0.46224371501011774,500,9,nan,nan
2,2c7aa5014f855d42cded0b042f5e559caf46c97c96b4ef879ce5a145ed99f338,0.2,8;11;12,repeated,1,28,223.0,2,0.0,2.048955548001686,28,28,nan,nan
2,2c7aa5014f855d42cded0b042f5e559caf46c97c96b4ef879ce5a145ed99f338,0.2,8;11;12,event_global,1,28,223.0,2,0.0,1.2094898450013716,28,14,13,0
2,2c7aa5014f855d42cded0b042f5e559caf46c97c96b4ef879ce5a145ed99f338,0.2,8;11;12,local_repair,1,36,240.0,2,0.0,0.30042982898885384,36,5,nan,nan
3,2b287e1ca6dbe51a24893c7a8f39cb821fad66d6441d6040b6e3bdfc80eb40e8,0.2,5;9;10,repeated,1,21,177.0,0,0.0,1.401651876993128,21,21,nan,nan
3,2b287e1ca6dbe51a24893c7a8f39cb821fad66d6441d6040b6e3bdfc80eb40e8,0.2,5;9;10,event_global,1,21,177.0,0,0.0,0.842151370990905,21,12,11,0
3,2b287e1ca6dbe51a24893c7a8f39cb821fad66d6441d6040b6e3bdfc80eb40e8,0.2,5;9;10,local_repair,0,500,187.0,488,0.0,0.4231508890079567,500,5,nan,nan
4,cdbdf308308dd71e329118a2a893e15624480f1b166789148f15f5570f62b09f,0.2,0;2;12,repeated,1,33,272.0,2,0.0,2.216444076009793,33,33,nan,nan
4,cdbdf308308dd71e329118a2a893e15624480f1b166789148f15f5570f62b09f,0.2,0;2;12,event_global,1,33,272.0,2,0.0,1.3564127269928576,33,17,16,0
4,cdbdf308308dd71e329118a2a893e15624480f1b166789148f15f5570f62b09f,0.2,0;2;12,local_repair,0,500,307.0,474,0.0,0.38353775900031906,500,7,nan,nan
5,084842ed1c0283d8869644d15d61f080bbc611ac9eed102df56952f8d59f0d98,0.2,6;9;14,repeated,1,31,247.0,0,0.0,3.946438140992541,31,31,nan,nan
5,084842ed1c0283d8869644d15d61f080bbc611ac9eed102df56952f8d59f0d98,0.2,6;9;14,event_global,1,31,247.0,0,0.0,1.7379344130022218,31,13,12,0
5,084842ed1c0283d8869644d15d61f080bbc611ac9eed102df56952f8d59f0d98,0.2,6;9;14,local_repair,1,47,305.0,0,0.0,0.5079375119967153,47,4,nan,nan
6,ab571899befc6e625b077ab5562b411484b2d802dfcdaab3537961193a88bc99,0.2,3;7;14,repeated,1,28,239.0,1,0.0,2.3582913110003574,28,28,nan,nan
6,ab571899befc6e625b077ab5562b411484b2d802dfcdaab3537961193a88bc99,0.2,3;7;14,event_global,1,28,239.0,1,0.0,1.3855888539983425,28,15,14,0
6,ab571899befc6e625b077ab5562b411484b2d802dfcdaab3537961193a88bc99,0.2,3;7;14,local_repair,0,500,256.0,967,0.0,0.4086134219978703,500,6,nan,nan
7,d44613e0ff50096643de7759e2a6ff9b9a38dacb8e42f7147d011d58eac06768,0.2,6;11;13,repeated,1,29,197.0,1,0.0,2.5195436360081658,29,29,nan,nan
7,d44613e0ff50096643de7759e2a6ff9b9a38dacb8e42f7147d011d58eac06768,0.2,6;11;13,event_global,1,29,197.0,1,0.0,1.3737134059920209,29,14,13,0
7,d44613e0ff50096643de7759e2a6ff9b9a38dacb8e42f7147d011d58eac06768,0.2,6;11;13,local_repair,0,500,240.0,1444,0.0,0.5757356640096987,500,6,nan,nan
8,f894db0ca9ffeb2a03a0c98851209adc13b5620ca80fd367086baecdae577100,0.2,7;10;11,repeated,1,36,233.0,0,0.0,3.153583671009983,36,36,nan,nan
8,f894db0ca9ffeb2a03a0c98851209adc13b5620ca80fd367086baecdae577100,0.2,7;10;11,event_global,1,36,233.0,0,0.0,2.237761402997421,36,16,15,0
8,f894db0ca9ffeb2a03a0c98851209adc13b5620ca80fd367086baecdae577100,0.2,7;10;11,local_repair,0,500,264.0,462,0.0,0.4033237070107134,500,6,nan,nan
9,c5b68cda855df34a54ff5824e57bf17637fe3922358404968f0ffe872081a926,0.2,1;3;13,repeated,1,22,191.0,1,0.0,2.457736163007212,22,22,nan,nan
9,c5b68cda855df34a54ff5824e57bf17637fe3922358404968f0ffe872081a926,0.2,1;3;13,event_global,1,22,191.0,1,0.0,1.4163636690063868,22,13,12,0
9,c5b68cda855df34a54ff5824e57bf17637fe3922358404968f0ffe872081a926,0.2,1;3;13,local_repair,1,42,220.0,1,0.0,0.29173338299733587,42,5,nan,nan
10,dcc1a9f295482eda76eb9995bd9ae4eb1c4d01b44d5dc6ed52ad323e90716ac1,0.2,5;6;7,repeated,1,32,295.0,2,0.0,2.4693929869972635,32,32,nan,nan
10,dcc1a9f295482eda76eb9995bd9ae4eb1c4d01b44d5dc6ed52ad323e90716ac1,0.2,5;6;7,event_global,1,32,295.0,2,0.0,1.5498941859987099,32,18,17,0
10,dcc1a9f295482eda76eb9995bd9ae4eb1c4d01b44d5dc6ed52ad323e90716ac1,0.2,5;6;7,local_repair,0,500,379.0,482,0.0,0.41851924601360224,500,8,nan,nan
11,a7d8aef04b886f8a20cc0f8a3fbc89ba1239b750d9810461f29fcf91ca3f4150,0.2,5;13;14,repeated,1,29,204.0,0,0.0,2.524723244001507,29,29,nan,nan
11,a7d8aef04b886f8a20cc0f8a3fbc89ba1239b750d9810461f29fcf91ca3f4150,0.2,5;13;14,event_global,1,29,204.0,0,0.0,1.6253470029914752,29,15,14,0
11,a7d8aef04b886f8a20cc0f8a3fbc89ba1239b750d9810461f29fcf91ca3f4150,0.2,5;13;14,local_repair,1,43,246.0,0,0.0,0.2757988950033905,43,7,nan,nan
12,7a8e524d931398773b487a14d2285991117314ddb6d63bf0c8d28a77a51c504b,0.2,0;1;3,repeated,1,23,220.0,1,0.0,2.83181521599181,23,23,nan,nan
12,7a8e524d931398773b487a14d2285991117314ddb6d63bf0c8d28a77a51c504b,0.2,0;1;3,event_global,1,23,220.0,1,0.0,1.5104524369962746,23,14,13,0
12,7a8e524d931398773b487a14d2285991117314ddb6d63bf0c8d28a77a51c504b,0.2,0;1;3,local_repair,0,500,261.0,473,0.0,0.4390176960005192,500,6,nan,nan
13,98aed25e5e736f72e2a01082390ca483dfe4958333720301fed29c4428c87d35,0.2,5;10;12,repeated,1,33,240.0,1,0.0,2.536109294000198,33,33,nan,nan
13,98aed25e5e736f72e2a01082390ca483dfe4958333720301fed29c4428c87d35,0.2,5;10;12,event_global,1,33,240.0,1,0.0,1.4417226410005242,33,14,13,0
13,98aed25e5e736f72e2a01082390ca483dfe4958333720301fed29c4428c87d35,0.2,5;10;12,local_repair,0,500,331.0,477,0.0,0.5274277680000523,500,5,nan,nan
14,77b4aaca64e2ce9712d122b4d8dfe6bf8aa2e568d72a19493177363870fe1597,0.2,5;10;11,repeated,1,22,184.0,1,0.0,2.616944482011604,22,22,nan,nan
14,77b4aaca64e2ce9712d122b4d8dfe6bf8aa2e568d72a19493177363870fe1597,0.2,5;10;11,event_global,1,22,184.0,1,0.0,1.311434036004357,22,13,12,0
14,77b4aaca64e2ce9712d122b4d8dfe6bf8aa2e568d72a19493177363870fe1597,0.2,5;10;11,local_repair,0,500,198.0,467,0.0,0.4324324499903014,500,5,nan,nan
15,9375cfe2eec4b264788eb9d8553e12931a7047555fa3632e2a5436593ff11ae1,0.2,3;7;12,repeated,1,22,175.0,0,0.0,2.9431802199978847,22,22,nan,nan
15,9375cfe2eec4b264788eb9d8553e12931a7047555fa3632e2a5436593ff11ae1,0.2,3;7;12,event_global,1,22,175.0,0,0.0,1.7006769889994757,22,11,10,0
15,9375cfe2eec4b264788eb9d8553e12931a7047555fa3632e2a5436593ff11ae1,0.2,3;7;12,local_repair,0,500,208.0,487,0.0,0.7754916140111163,500,7,nan,nan
16,a049ff13f7b7a5a251f4dd66aa4bd77c6dbd438d6787b6d95a6c1665d8025a53,0.2,9;10;11,repeated,1,20,150.0,0,0.0,2.8674530220014276,20,20,nan,nan
16,a049ff13f7b7a5a251f4dd66aa4bd77c6dbd438d6787b6d95a6c1665d8025a53,0.2,9;10;11,event_global,1,20,150.0,0,0.0,2.091614106000634,20,13,12,0
16,a049ff13f7b7a5a251f4dd66aa4bd77c6dbd438d6787b6d95a6c1665d8025a53,0.2,9;10;11,local_repair,1,24,173.0,0,0.0,0.3923627629992552,24,4,nan,nan
17,bd48f9d88a81de539cd6c36e4efa1249e5a6f957b5f67f49c26e56c3df02bfde,0.2,6;8;14,repeated,1,26,216.0,0,0.0,2.982500452999375,26,26,nan,nan
17,bd48f9d88a81de539cd6c36e4efa1249e5a6f957b5f67f49c26e56c3df02bfde,0.2,6;8;14,event_global,1,26,216.0,0,0.0,1.6142165899946121,26,18,17,0
17,bd48f9d88a81de539cd6c36e4efa1249e5a6f957b5f67f49c26e56c3df02bfde,0.2,6;8;14,local_repair,1,55,262.0,0,0.0,0.3250245509989327,55,7,nan,nan
18,2fedb82381346e79fca0ea0fe6547f431b152e58447bd4bf3d808e5d8635a789,0.2,3;10;13,repeated,1,22,208.0,2,0.0,2.6234731639997335,22,22,nan,nan
18,2fedb82381346e79fca0ea0fe6547f431b152e58447bd4bf3d808e5d8635a789,0.2,3;10;13,event_global,1,22,208.0,2,0.0,1.4172671740088845,22,13,12,0
18,2fedb82381346e79fca0ea0fe6547f431b152e58447bd4bf3d808e5d8635a789,0.2,3;10;13,local_repair,0,500,255.0,478,0.0,0.3569163979991572,500,7,nan,nan
19,b2638726003cc78f41e4c81146cca003e48e283ff1ea63934f24b69c029f00d2,0.2,2;6;11,repeated,1,31,214.0,2,0.0,2.1802086609968683,31,31,nan,nan
19,b2638726003cc78f41e4c81146cca003e48e283ff1ea63934f24b69c029f00d2,0.2,2;6;11,event_global,1,31,214.0,2,0.0,1.5677034760010429,31,16,15,0
19,b2638726003cc78f41e4c81146cca003e48e283ff1ea63934f24b69c029f00d2,0.2,2;6;11,local_repair,1,55,262.0,4,0.0,0.29055506001168396,55,8,nan,nan
20,b1a14a7f0c8df2360dbb0feeb1e68684fdb31869f272dff1da2983d0b115d4ee,0.2,0;1;3,repeated,1,30,234.0,0,0.0,2.2030616739939433,30,30,nan,nan
20,b1a14a7f0c8df2360dbb0feeb1e68684fdb31869f272dff1da2983d0b115d4ee,0.2,0;1;3,event_global,1,30,234.0,0,0.0,1.0971425869938685,30,13,12,0
20,b1a14a7f0c8df2360dbb0feeb1e68684fdb31869f272dff1da2983d0b115d4ee,0.2,0;1;3,local_repair,1,63,262.0,1,0.0,0.25841262300673407,63,7,nan,nan
21,00bdac501a4c9641257628d2b27440d7406eec5b3ef0acb2a0c00bff5acaf731,0.2,1;2;11,repeated,1,33,286.0,2,0.0,3.6093255870073335,33,33,nan,nan
21,00bdac501a4c9641257628d2b27440d7406eec5b3ef0acb2a0c00bff5acaf731,0.2,1;2;11,event_global,1,33,286.0,2,0.0,2.0137038149987347,33,16,15,0
21,00bdac501a4c9641257628d2b27440d7406eec5b3ef0acb2a0c00bff5acaf731,0.2,1;2;11,local_repair,0,500,316.0,977,0.0,0.7042940449900925,500,9,nan,nan
22,d902a0198fd731553b9101de4d11d0254542872b640ca6b3b06eea2ab489b9dd,0.2,0;2;5,repeated,1,22,198.0,0,0.0,1.6243671059928602,22,22,nan,nan
22,d902a0198fd731553b9101de4d11d0254542872b640ca6b3b06eea2ab489b9dd,0.2,0;2;5,event_global,1,22,198.0,0,0.0,1.0120695169898681,22,13,12,0
22,d902a0198fd731553b9101de4d11d0254542872b640ca6b3b06eea2ab489b9dd,0.2,0;2;5,local_repair,1,33,246.0,0,0.0,0.21170662199438084,33,7,nan,nan
23,07934270464130f11474705e989b5f024181a376da2d424144333bd097c9b727,0.2,4;10;13,repeated,1,21,180.0,0,0.0,1.514802410005359,21,21,nan,nan
23,07934270464130f11474705e989b5f024181a376da2d424144333bd097c9b727,0.2,4;10;13,event_global,1,21,180.0,0,0.0,1.0442183580016717,21,13,12,0
23,07934270464130f11474705e989b5f024181a376da2d424144333bd097c9b727,0.2,4;10;13,local_repair,0,500,242.0,464,0.0,0.3182569319906179,500,6,nan,nan
24,547dea9c1e76cff0b352f8b7a622b050c74691bfc473f9cdfc5738bcbdda3834,0.2,1;6;13,repeated,1,26,185.0,0,0.0,1.9394156310008839,26,26,nan,nan
24,547dea9c1e76cff0b352f8b7a622b050c74691bfc473f9cdfc5738bcbdda3834,0.2,1;6;13,event_global,1,26,185.0,0,0.0,1.496295180011657,26,16,15,0
24,547dea9c1e76cff0b352f8b7a622b050c74691bfc473f9cdfc5738bcbdda3834,0.2,1;6;13,local_repair,0,500,265.0,461,0.0,0.32483007399423514,500,7,nan,nan
25,87d1f2ff502e93aca75f40d827d39dbc3e6579c0fb538c1a6b352c45b5472fbc,0.2,4;8;14,repeated,1,23,187.0,0,0.0,2.0288039580045734,23,23,nan,nan
25,87d1f2ff502e93aca75f40d827d39dbc3e6579c0fb538c1a6b352c45b5472fbc,0.2,4;8;14,event_global,1,23,187.0,0,0.0,1.5249341000017012,23,15,14,0
25,87d1f2ff502e93aca75f40d827d39dbc3e6579c0fb538c1a6b352c45b5472fbc,0.2,4;8;14,local_repair,0,500,274.0,475,0.0,0.3651156220003031,500,5,nan,nan
26,dd46e93ac1946a1c9502789c39673df427af893168b0309f4126b92f1df066fd,0.2,0;4;6,repeated,1,30,280.0,0,0.0,2.4808671840000898,30,30,nan,nan
26,dd46e93ac1946a1c9502789c39673df427af893168b0309f4126b92f1df066fd,0.2,0;4;6,event_global,1,30,280.0,0,0.0,1.4354980880016228,30,14,13,0
26,dd46e93ac1946a1c9502789c39673df427af893168b0309f4126b92f1df066fd,0.2,0;4;6,local_repair,0,500,335.0,468,0.0,0.36896629400143865,500,7,nan,nan
27,157c33620474ede024bb19583b72591c7148ea5ef66362319bb1b03dff946b3c,0.2,4;5;12,repeated,1,27,222.0,0,0.0,1.8107237639924278,27,27,nan,nan
27,157c33620474ede024bb19583b72591c7148ea5ef66362319bb1b03dff946b3c,0.2,4;5;12,event_global,1,27,222.0,0,0.0,1.1166424540133448,27,15,14,0
27,157c33620474ede024bb19583b72591c7148ea5ef66362319bb1b03dff946b3c,0.2,4;5;12,local_repair,1,44,275.0,1,0.0,0.24125028200796805,44,6,nan,nan
28,0b0090ab340fe847f5d113df6605f39bb1f6e473ca883688ec26ca82f9d86907,0.2,0;1;3,repeated,1,21,170.0,0,0.0,1.7967132829944603,21,21,nan,nan
28,0b0090ab340fe847f5d113df6605f39bb1f6e473ca883688ec26ca82f9d86907,0.2,0;1;3,event_global,1,21,170.0,0,0.0,1.341824244998861,21,13,12,0
28,0b0090ab340fe847f5d113df6605f39bb1f6e473ca883688ec26ca82f9d86907,0.2,0;1;3,local_repair,0,500,215.0,458,0.0,0.37548075600352604,500,6,nan,nan
29,26d15bf20359cf8f7014f82d1c9074ea2c74c6d6a6596fc11fe5cae4b3ff83a0,0.2,4;5;10,repeated,1,26,198.0,0,0.0,2.377307135000592,26,26,nan,nan
29,26d15bf20359cf8f7014f82d1c9074ea2c74c6d6a6596fc11fe5cae4b3ff83a0,0.2,4;5;10,event_global,1,26,198.0,0,0.0,1.5260445190069731,26,16,15,0
29,26d15bf20359cf8f7014f82d1c9074ea2c74c6d6a6596fc11fe5cae4b3ff83a0,0.2,4;5;10,local_repair,1,68,262.0,0,0.0,0.37631194600544404,68,6,nan,nan
