seed,scenario_fingerprint,failure_rate,failed_agent_ids,method,success,iterations,total_distance,blocked_moves,redundancy,runtime_seconds,assignment_requests,global_assignment_calls,path_cost_evaluations,successful_astar_queries,unreachable_astar_queries
0,373da5453cae534ed0e5820cb254f00ee54b9e236b910ecc507d40c86c37ed24,0.0,,repeated,1,28,221.0,0,0.0,4.393181631996413,28,28,3585,3585,0
0,373da5453cae534ed0e5820cb254f00ee54b9e236b910ecc507d40c86c37ed24,0.0,,event_global,1,28,221.0,0,0.0,2.493422303989064,28,15,2205,2205,0
1,d9a2b175a7a3e1c67e9d2c435d9f3d50a2255318b91a79b9d0ee145f56f73c1b,0.0,,repeated,1,20,195.0,1,0.0,2.9454877730022417,20,20,3165,3165,0
1,d9a2b175a7a3e1c67e9d2c435d9f3d50a2255318b91a79b9d0ee145f56f73c1b,0.0,,event_global,1,20,195.0,1,0.0,2.652543121992494,20,14,2415,2415,0
2,2c7aa5014f855d42cded0b042f5e559caf46c97c96b4ef879ce5a145ed99f338,0.0,,repeated,1,27,207.0,2,0.0,3.4111168140079826,27,27,3360,3360,0
2,2c7aa5014f855d42cded0b042f5e559caf46c97c96b4ef879ce5a145ed99f338,0.0,,event_global,1,27,207.0,2,0.0,2.1512090530013666,27,13,1815,1815,0
3,2b287e1ca6dbe51a24893c7a8f39cb821fad66d6441d6040b6e3bdfc80eb40e8,0.0,,repeated,1,21,163.0,0,0.0,2.269290340002044,21,21,2715,2715,0
3,2b287e1ca6dbe51a24893c7a8f39cb821fad66d6441d6040b6e3bdfc80eb40e8,0.0,,event_global,1,21,163.0,0,0.0,1.3508339520049049,21,12,1740,1740,0
4,cdbdf308308dd71e329118a2a893e15624480f1b166789148f15f5570f62b09f,0.0,,repeated,1,27,241.0,2,0.0,3.206908514999668,27,27,3840,3840,0
4,cdbdf308308dd71e329118a2a893e15624480f1b166789148f15f5570f62b09f,0.0,,event_global,1,27,241.0,2,0.0,2.253362224000739,27,15,2370,2370,0
5,084842ed1c0283d8869644d15d61f080bbc611ac9eed102df56952f8d59f0d98,0.0,,repeated,1,29,238.0,0,0.0,8.931652257000678,29,29,3885,3885,0
5,084842ed1c0283d8869644d15d61f080bbc611ac9eed102df56952f8d59f0d98,0.0,,event_global,1,29,238.0,0,0.0,2.620998108002823,29,13,1665,1665,0
6,ab571899befc6e625b077ab5562b411484b2d802dfcdaab3537961193a88bc99,0.0,,repeated,1,29,233.0,1,0.0,3.672109608000028,29,29,3780,3780,0
6,ab571899befc6e625b077ab5562b411484b2d802dfcdaab3537961193a88bc99,0.0,,event_global,1,29,233.0,1,0.0,2.8053394469898194,29,16,2520,2520,0
7,d44613e0ff50096643de7759e2a6ff9b9a38dacb8e42f7147d011d58eac06768,0.0,,repeated,1,23,158.0,1,0.0,3.471955565997632,23,23,2715,2715,0
7,d44613e0ff50096643de7759e2a6ff9b9a38dacb8e42f7147d011d58eac06768,0.0,,event_global,1,23,158.0,1,0.0,2.4024257349956315,23,12,1905,1905,0
8,f894db0ca9ffeb2a03a0c98851209adc13b5620ca80fd367086baecdae577100,0.0,,repeated,1,23,179.0,0,0.0,4.335208584001521,23,23,2925,2925,0
8,f894db0ca9ffeb2a03a0c98851209adc13b5620ca80fd367086baecdae577100,0.0,,event_global,1,23,179.0,0,0.0,3.3547237199964,23,15,2250,2250,0
9,c5b68cda855df34a54ff5824e57bf17637fe3922358404968f0ffe872081a926,0.0,,repeated,1,22,169.0,1,0.0,2.8242223089910112,22,22,2730,2730,0
9,c5b68cda855df34a54ff5824e57bf17637fe3922358404968f0ffe872081a926,0.0,,event_global,1,22,169.0,1,0.0,1.9700284050049959,22,14,1890,1890,0
10,dcc1a9f295482eda76eb9995bd9ae4eb1c4d01b44d5dc6ed52ad323e90716ac1,0.0,,repeated,1,27,259.0,1,0.0,3.244424082004116,27,27,4245,4245,0
10,dcc1a9f295482eda76eb9995bd9ae4eb1c4d01b44d5dc6ed52ad323e90716ac1,0.0,,event_global,1,27,259.0,1,0.0,1.6899553460098105,27,16,2775,2775,0
11,a7d8aef04b886f8a20cc0f8a3fbc89ba1239b750d9810461f29fcf91ca3f4150,0.0,,repeated,1,27,190.0,0,0.0,3.402671499992721,27,27,3135,3135,0
11,a7d8aef04b886f8a20cc0f8a3fbc89ba1239b750d9810461f29fcf91ca3f4150,0.0,,event_global,1,27,190.0,0,0.0,1.8560205640096683,27,14,2055,2055,0
12,7a8e524d931398773b487a14d2285991117314ddb6d63bf0c8d28a77a51c504b,0.0,,repeated,1,20,212.0,0,0.0,2.401711433005403,20,20,3675,3675,0
12,7a8e524d931398773b487a14d2285991117314ddb6d63bf0c8d28a77a51c504b,0.0,,event_global,1,20,212.0,0,0.0,1.3026585420011543,20,13,1995,1995,0
13,98aed25e5e736f72e2a01082390ca483dfe4958333720301fed29c4428c87d35,0.0,,repeated,1,24,190.0,1,0.0,1.8878538470016792,24,24,3045,3045,0
13,98aed25e5e736f72e2a01082390ca483dfe4958333720301fed29c4428c87d35,0.0,,event_global,1,24,190.0,1,0.0,1.1498356660013087,24,13,1965,1965,0
14,77b4aaca64e2ce9712d122b4d8dfe6bf8aa2e568d72a19493177363870fe1597,0.0,,repeated,1,18,159.0,1,0.0,1.9265661729878047,18,18,2685,2685,0
14,77b4aaca64e2ce9712d122b4d8dfe6bf8aa2e568d72a19493177363870fe1597,0.0,,event_global,1,18,159.0,1,0.0,1.1056939139962196,18,10,1485,1485,0
15,9375cfe2eec4b264788eb9d8553e12931a7047555fa3632e2a5436593ff11ae1,0.0,,repeated,1,22,172.0,0,0.0,1.9406464060011785,22,22,2730,2730,0
15,9375cfe2eec4b264788eb9d8553e12931a7047555fa3632e2a5436593ff11ae1,0.0,,event_global,1,22,172.0,0,0.0,1.7488088230020367,22,12,1920,1920,0
16,a049ff13f7b7a5a251f4dd66aa4bd77c6dbd438d6787b6d95a6c1665d8025a53,0.0,,repeated,1,17,146.0,0,0.0,2.0103629259974696,17,17,2370,2370,0
16,a049ff13f7b7a5a251f4dd66aa4bd77c6dbd438d6787b6d95a6c1665d8025a53,0.0,,event_global,1,17,146.0,0,0.0,1.6761832640040666,17,13,1845,1845,0
17,bd48f9d88a81de539cd6c36e4efa1249e5a6f957b5f67f49c26e56c3df02bfde,0.0,,repeated,1,26,189.0,0,0.0,2.3585052129928954,26,26,3105,3105,0
17,bd48f9d88a81de539cd6c36e4efa1249e5a6f957b5f67f49c26e56c3df02bfde,0.0,,event_global,1,26,189.0,0,0.0,1.8180600519990548,26,15,2280,2280,0
18,2fedb82381346e79fca0ea0fe6547f431b152e58447bd4bf3d808e5d8635a789,0.0,,repeated,1,22,187.0,4,0.0,2.3953748509957222,22,22,3090,3090,0
18,2fedb82381346e79fca0ea0fe6547f431b152e58447bd4bf3d808e5d8635a789,0.0,,event_global,1,22,187.0,4,0.0,1.7053757220128318,22,14,2265,2265,0
19,b2638726003cc78f41e4c81146cca003e48e283ff1ea63934f24b69c029f00d2,0.0,,repeated,1,25,216.0,2,0.0,3.5304824899940286,25,25,3525,3525,0
19,b2638726003cc78f41e4c81146cca003e48e283ff1ea63934f24b69c029f00d2,0.0,,event_global,1,25,216.0,2,0.0,3.259966079000151,25,16,2610,2610,0
20,b1a14a7f0c8df2360dbb0feeb1e68684fdb31869f272dff1da2983d0b115d4ee,0.0,,repeated,1,28,222.0,0,0.0,3.260307971999282,28,28,3690,3690,0
20,b1a14a7f0c8df2360dbb0feeb1e68684fdb31869f272dff1da2983d0b115d4ee,0.0,,event_global,1,28,222.0,0,0.0,2.3134364610014018,28,12,2115,2115,0
21,00bdac501a4c9641257628d2b27440d7406eec5b3ef0acb2a0c00bff5acaf731,0.0,,repeated,1,25,259.0,0,0.0,6.5207704169879435,25,25,4230,4230,0
21,00bdac501a4c9641257628d2b27440d7406eec5b3ef0acb2a0c00bff5acaf731,0.0,,event_global,1,25,259.0,0,0.0,4.136178554006619,25,14,2355,2355,0
22,d902a0198fd731553b9101de4d11d0254542872b640ca6b3b06eea2ab489b9dd,0.0,,repeated,1,18,173.0,0,0.0,2.6050654120044783,18,18,2835,2835,0
22,d902a0198fd731553b9101de4d11d0254542872b640ca6b3b06eea2ab489b9dd,0.0,,event_global,1,18,173.0,0,0.0,1.6534095450042514,18,11,1905,1905,0
23,07934270464130f11474705e989b5f024181a376da2d424144333bd097c9b727,0.0,,repeated,1,19,175.0,0,0.0,2.58311232199776,19,19,2760,2760,0
23,07934270464130f11474705e989b5f024181a376da2d424144333bd097c9b727,0.0,,event_global,1,19,175.0,0,0.0,1.824327413996798,19,13,2040,2040,0
24,547dea9c1e76cff0b352f8b7a622b050c74691bfc473f9cdfc5738bcbdda3834,0.0,,repeated,1,21,168.0,0,0.0,3.0706579649995547,21,21,2760,2760,0
24,547dea9c1e76cff0b352f8b7a622b050c74691bfc473f9cdfc5738bcbdda3834,0.0,,event_global,1,21,168.0,0,0.0,2.1324772689986276,21,13,1905,1905,0
25,87d1f2ff502e93aca75f40d827d39dbc3e6579c0fb538c1a6b352c45b5472fbc,0.0,,repeated,1,23,166.0,3,0.0,3.001641519003897,23,23,2775,2775,0
25,87d1f2ff502e93aca75f40d827d39dbc3e6579c0fb538c1a6b352c45b5472fbc,0.0,,event_global,1,23,166.0,3,0.0,2.840357090011821,23,15,2100,2100,0
26,dd46e93ac1946a1c9502789c39673df427af893168b0309f4126b92f1df066fd,0.0,,repeated,1,30,315.0,0,0.0,6.8209330450044945,30,30,5190,5190,0
26,dd46e93ac1946a1c9502789c39673df427af893168b0309f4126b92f1df066fd,0.0,,event_global,1,30,315.0,0,0.0,3.645181108993711,30,12,1980,1980,0
27,157c33620474ede024bb19583b72591c7148ea5ef66362319bb1b03dff946b3c,0.0,,repeated,1,23,195.0,0,0.0,4.791346120007802,23,23,3150,3150,0
27,157c33620474ede024bb19583b72591c7148ea5ef66362319bb1b03dff946b3c,0.0,,event_global,1,23,195.0,0,0.0,2.1186635269987164,23,15,2265,2265,0
28,0b0090ab340fe847f5d113df6605f39bb1f6e473ca883688ec26ca82f9d86907,0.0,,repeated,1,15,130.0,0,0.0,1.9501918669993756,15,15,2130,2130,0
28,0b0090ab340fe847f5d113df6605f39bb1f6e473ca883688ec26ca82f9d86907,0.0,,event_global,1,15,130.0,0,0.0,3.566494020007667,15,12,1890,1890,0
29,26d15bf20359cf8f7014f82d1c9074ea2c74c6d6a6596fc11fe5cae4b3ff83a0,0.0,,repeated,1,24,176.0,0,0.0,4.967818221994094,24,24,2985,2985,0
29,26d15bf20359cf8f7014f82d1c9074ea2c74c6d6a6596fc11fe5cae4b3ff83a0,0.0,,event_global,1,24,176.0,0,0.0,2.6675102199951652,24,12,1755,1755,0
0,373da5453cae534ed0e5820cb254f00ee54b9e236b910ecc507d40c86c37ed24,0.2,1;2;3,repeated,1,32,248.0,0,0.0,4.49861116700049,32,32,3543,3543,0
0,373da5453cae534ed0e5820cb254f00ee54b9e236b910ecc507d40c86c37ed24,0.2,1;2;3,event_global,1,32,248.0,0,0.0,1.6416594400070608,32,14,1773,1773,0
1,d9a2b175a7a3e1c67e9d2c435d9f3d50a2255318b91a79b9d0ee145f56f73c1b,0.2,4;7;13,repeated,1,27,223.0,3,0.0,3.0205058510036906,27,27,3306,3306,0
1,d9a2b175a7a3e1c67e9d2c435d9f3d50a2255318b91a79b9d0ee145f56f73c1b,0.2,4;7;13,event_global,1,27,223.0,3,0.0,2.9606791239930317,27,16,2418,2418,0
2,2c7aa5014f855d42cded0b042f5e559caf46c97c96b4ef879ce5a145ed99f338,0.2,8;11;12,repeated,1,28,223.0,2,0.0,3.6387141610030085,28,28,3141,3141,0
2,2c7aa5014f855d42cded0b042f5e559caf46c97c96b4ef879ce5a145ed99f338,0.2,8;11;12,event_global,1,28,223.0,2,0.0,1.6275814570108196,28,14,1737,1737,0
3,2b287e1ca6dbe51a24893c7a8f39cb821fad66d6441d6040b6e3bdfc80eb40e8,0.2,5;9;10,repeated,1,21,177.0,0,0.0,1.9568592719879234,21,21,2631,2631,0
3,2b287e1ca6dbe51a24893c7a8f39cb821fad66d6441d6040b6e3bdfc80eb40e8,0.2,5;9;10,event_global,1,21,177.0,0,0.0,1.2233016539976234,21,12,1560,1560,0
4,cdbdf308308dd71e329118a2a893e15624480f1b166789148f15f5570f62b09f,0.2,0;2;12,repeated,1,33,272.0,2,0.0,3.6244810620119097,33,33,3792,3792,0
4,cdbdf308308dd71e329118a2a893e15624480f1b166789148f15f5570f62b09f,0.2,0;2;12,event_global,1,33,272.0,2,0.0,3.0376903879950987,33,17,2253,2253,0
5,084842ed1c0283d8869644d15d61f080bbc611ac9eed102df56952f8d59f0d98,0.2,6;9;14,repeated,1,31,247.0,0,0.0,8.752959851990454,31,31,3576,3576,0
5,084842ed1c0283d8869644d15d61f080bbc611ac9eed102df56952f8d59f0d98,0.2,6;9;14,event_global,1,31,247.0,0,0.0,3.0089581219945103,31,13,1494,1494,0
6,ab571899befc6e625b077ab5562b411484b2d802dfcdaab3537961193a88bc99,0.2,3;7;14,repeated,1,28,239.0,1,0.0,3.7808784380031284,28,28,3567,3567,0
6,ab571899befc6e625b077ab5562b411484b2d802dfcdaab3537961193a88bc99,0.2,3;7;14,event_global,1,28,239.0,1,0.0,2.004899901992758,28,15,2130,2130,0
7,d44613e0ff50096643de7759e2a6ff9b9a38dacb8e42f7147d011d58eac06768,0.2,6;11;13,repeated,1,29,197.0,1,0.0,3.0077985469979467,29,29,2979,2979,0
7,d44613e0ff50096643de7759e2a6ff9b9a38dacb8e42f7147d011d58eac06768,0.2,6;11;13,event_global,1,29,197.0,1,0.0,1.9314353039953858,29,14,1875,1875,0
8,f894db0ca9ffeb2a03a0c98851209adc13b5620ca80fd367086baecdae577100,0.2,7;10;11,repeated,1,36,233.0,0,0.0,4.6529235589987366,36,36,3297,3297,0
8,f894db0ca9ffeb2a03a0c98851209adc13b5620ca80fd367086baecdae577100,0.2,7;10;11,event_global,1,36,233.0,0,0.0,3.5702980189962545,36,16,2121,2121,0
9,c5b68cda855df34a54ff5824e57bf17637fe3922358404968f0ffe872081a926,0.2,1;3;13,repeated,1,22,191.0,1,0.0,3.5360693230031757,22,22,2721,2721,0
9,c5b68cda855df34a54ff5824e57bf17637fe3922358404968f0ffe872081a926,0.2,1;3;13,event_global,1,22,191.0,1,0.0,2.093676532007521,22,13,1677,1677,0
10,dcc1a9f295482eda76eb9995bd9ae4eb1c4d01b44d5dc6ed52ad323e90716ac1,0.2,5;6;7,repeated,1,32,295.0,2,0.0,3.566046122010448,32,32,4383,4383,0
10,dcc1a9f295482eda76eb9995bd9ae4eb1c4d01b44d5dc6ed52ad323e90716ac1,0.2,5;6;7,event_global,1,32,295.0,2,0.0,2.306145608992665,32,18,2706,2706,0
11,a7d8aef04b886f8a20cc0f8a3fbc89ba1239b750d9810461f29fcf91ca3f4150,0.2,5;13;14,repeated,1,29,204.0,0,0.0,3.7794755780050764,29,29,3081,3081,0
11,a7d8aef04b886f8a20cc0f8a3fbc89ba1239b750d9810461f29fcf91ca3f4150,0.2,5;13;14,event_global,1,29,204.0,0,0.0,2.2478245020029135,29,15,1929,1929,0
12,7a8e524d931398773b487a14d2285991117314ddb6d63bf0c8d28a77a51c504b,0.2,0;1;3,repeated,1,23,220.0,1,0.0,6.624071270998684,23,23,3576,3576,0
12,7a8e524d931398773b487a14d2285991117314ddb6d63bf0c8d28a77a51c504b,0.2,0;1;3,event_global,1,23,220.0,1,0.0,3.1992908099928172,23,14,1848,1848,0
13,98aed25e5e736f72e2a01082390ca483dfe4958333720301fed29c4428c87d35,0.2,5;10;12,repeated,1,33,240.0,1,0.0,4.0048582849995,33,33,3333,3333,0
13,98aed25e5e736f72e2a01082390ca483dfe4958333720301fed29c4428c87d35,0.2,5;10;12,event_global,1,33,240.0,1,0.0,1.7568717969988938,33,14,1791,1791,0
14,77b4aaca64e2ce9712d122b4d8dfe6bf8aa2e568d72a19493177363870fe1597,0.2,5;10;11,repeated,1,22,184.0,1,0.0,2.705412069000886,22,22,2790,2790,0
14,77b4aaca64e2ce9712d122b4d8dfe6bf8aa2e568d72a19493177363870fe1597,0.2,5;10;11,event_global,1,22,184.0,1,0.0,1.2231207730073947,22,13,1479,1479,0
15,9375cfe2eec4b264788eb9d8553e12931a7047555fa3632e2a5436593ff11ae1,0.2,3;7;12,repeated,1,22,175.0,0,0.0,1.7773026799986837,22,22,2535,2535,0
15,9375cfe2eec4b264788eb9d8553e12931a7047555fa3632e2a5436593ff11ae1,0.2,3;7;12,event_global,1,22,175.0,0,0.0,2.3003237350058043,22,11,1671,1671,0
16,a049ff13f7b7a5a251f4dd66aa4bd77c6dbd438d6787b6d95a6c1665d8025a53,0.2,9;10;11,repeated,1,20,150.0,0,0.0,3.418940492992988,20,20,2199,2199,0
16,a049ff13f7b7a5a251f4dd66aa4bd77c6dbd438d6787b6d95a6c1665d8025a53,0.2,9;10;11,event_global,1,20,150.0,0,0.0,1.7139772600057768,20,13,1683,1683,0
17,bd48f9d88a81de539cd6c36e4efa1249e5a6f957b5f67f49c26e56c3df02bfde,0.2,6;8;14,repeated,1,26,216.0,0,0.0,2.7449131549947197,26,26,3159,3159,0
17,bd48f9d88a81de539cd6c36e4efa1249e5a6f957b5f67f49c26e56c3df02bfde,0.2,6;8;14,event_global,1,26,216.0,0,0.0,2.0283719030121574,26,18,2391,2391,0
18,2fedb82381346e79fca0ea0fe6547f431b152e58447bd4bf3d808e5d8635a789,0.2,3;10;13,repeated,1,22,208.0,2,0.0,3.3720980630023405,22,22,3078,3078,0
18,2fedb82381346e79fca0ea0fe6547f431b152e58447bd4bf3d808e5d8635a789,0.2,3;10;13,event_global,1,22,208.0,2,0.0,2.087138757997309,22,13,1854,1854,0
19,b2638726003cc78f41e4c81146cca003e48e283ff1ea63934f24b69c029f00d2,0.2,2;6;11,repeated,1,31,214.0,2,0.0,2.3535102640016703,31,31,3189,3189,0
19,b2638726003cc78f41e4c81146cca003e48e283ff1ea63934f24b69c029f00d2,0.2,2;6;11,event_global,1,31,214.0,2,0.0,1.6016043169947807,31,16,2310,2310,0
20,b1a14a7f0c8df2360dbb0feeb1e68684fdb31869f272dff1da2983d0b115d4ee,0.2,0;1;3,repeated,1,30,234.0,0,0.0,2.075796003002324,30,30,3483,3483,0
20,b1a14a7f0c8df2360dbb0feeb1e68684fdb31869f272dff1da2983d0b115d4ee,0.2,0;1;3,event_global,1,30,234.0,0,0.0,1.0309544369956711,30,13,1851,1851,0
21,00bdac501a4c9641257628d2b27440d7406eec5b3ef0acb2a0c00bff5acaf731,0.2,1;2;11,repeated,1,33,286.0,2,0.0,3.2531631019955967,33,33,4206,4206,0
21,00bdac501a4c9641257628d2b27440d7406eec5b3ef0acb2a0c00bff5acaf731,0.2,1;2;11,event_global,1,33,286.0,2,0.0,1.8640317420067731,33,16,2346,2346,0
22,d902a0198fd731553b9101de4d11d0254542872b640ca6b3b06eea2ab489b9dd,0.2,0;2;5,repeated,1,22,198.0,0,0.0,1.5621619520097738,22,22,2937,2937,0
22,d902a0198fd731553b9101de4d11d0254542872b640ca6b3b06eea2ab489b9dd,0.2,0;2;5,event_global,1,22,198.0,0,0.0,1.0608451229927596,22,13,1860,1860,0
23,07934270464130f11474705e989b5f024181a376da2d424144333bd097c9b727,0.2,4;10;13,repeated,1,21,180.0,0,0.0,1.5552602159878006,21,21,2580,2580,0
23,07934270464130f11474705e989b5f024181a376da2d424144333bd097c9b727,0.2,4;10;13,event_global,1,21,180.0,0,0.0,1.061496348993387,21,13,1812,1812,0
24,547dea9c1e76cff0b352f8b7a622b050c74691bfc473f9cdfc5738bcbdda3834,0.2,1;6;13,repeated,1,26,185.0,0,0.0,1.7983515029918635,26,26,2721,2721,0
24,547dea9c1e76cff0b352f8b7a622b050c74691bfc473f9cdfc5738bcbdda3834,0.2,1;6;13,event_global,1,26,185.0,0,0.0,1.509620441996958,26,16,2085,2085,0
25,87d1f2ff502e93aca75f40d827d39dbc3e6579c0fb538c1a6b352c45b5472fbc,0.2,4;8;14,repeated,1,23,187.0,0,0.0,1.869397376998677,23,23,2709,2709,0
25,87d1f2ff502e93aca75f40d827d39dbc3e6579c0fb538c1a6b352c45b5472fbc,0.2,4;8;14,event_global,1,23,187.0,0,0.0,1.4603957560029812,23,15,1977,1977,0
26,dd46e93ac1946a1c9502789c39673df427af893168b0309f4126b92f1df066fd,0.2,0;4;6,repeated,1,30,280.0,0,0.0,3.7389355000050273,30,30,4245,4245,0
26,dd46e93ac1946a1c9502789c39673df427af893168b0309f4126b92f1df066fd,0.2,0;4;6,event_global,1,30,280.0,0,0.0,1.7922015469957842,30,14,2079,2079,0
27,157c33620474ede024bb19583b72591c7148ea5ef66362319bb1b03dff946b3c,0.2,4;5;12,repeated,1,27,222.0,0,0.0,2.337424231998739,27,27,3138,3138,0
27,157c33620474ede024bb19583b72591c7148ea5ef66362319bb1b03dff946b3c,0.2,4;5;12,event_global,1,27,222.0,0,0.0,1.8429440839972813,27,15,2001,2001,0
28,0b0090ab340fe847f5d113df6605f39bb1f6e473ca883688ec26ca82f9d86907,0.2,0;1;3,repeated,1,21,170.0,0,0.0,3.051967824998428,21,21,2439,2439,0
28,0b0090ab340fe847f5d113df6605f39bb1f6e473ca883688ec26ca82f9d86907,0.2,0;1;3,event_global,1,21,170.0,0,0.0,2.3292279790039174,21,13,1923,1923,0
29,26d15bf20359cf8f7014f82d1c9074ea2c74c6d6a6596fc11fe5cae4b3ff83a0,0.2,4;5;10,repeated,1,26,198.0,0,0.0,3.760979894999764,26,26,3012,3012,0
29,26d15bf20359cf8f7014f82d1c9074ea2c74c6d6a6596fc11fe5cae4b3ff83a0,0.2,4;5;10,event_global,1,26,198.0,0,0.0,2.5917651429917896,26,16,2136,2136,0
