algorithm,seed,failure_rate,failed_agents,success,iterations,tasks_completed,total_distance,productive_agents
greedy,0,0.0,0,True,12,20,489.9978327001607,9
greedy,1,0.0,0,True,8,20,329.08069074301534,11
greedy,2,0.0,0,True,6,20,238.41327774834596,13
greedy,3,0.0,0,True,9,20,366.3047919646601,12
greedy,4,0.0,0,True,9,20,355.0190929050725,12
greedy,5,0.0,0,True,6,20,240.53558540727136,11
greedy,6,0.0,0,True,10,20,406.75254966692125,11
greedy,7,0.0,0,True,7,20,283.55463745474975,12
greedy,8,0.0,0,True,10,20,411.53330130678614,10
greedy,9,0.0,0,True,7,20,284.34370334545906,9
greedy,10,0.0,0,True,11,20,446.2369900140091,8
greedy,11,0.0,0,True,10,20,408.9611558258176,12
greedy,12,0.0,0,True,12,20,492.3103569168883,9
greedy,13,0.0,0,True,11,20,446.36285060372626,13
greedy,14,0.0,0,True,6,20,236.0311231833332,11
greedy,15,0.0,0,True,14,20,569.3923366215222,10
greedy,16,0.0,0,True,8,20,321.5725343215938,11
greedy,17,0.0,0,True,6,20,242.7245198290606,10
greedy,18,0.0,0,True,9,20,365.7094463327935,11
greedy,19,0.0,0,True,10,20,409.7525697307253,9
greedy,20,0.0,0,True,9,20,368.1103181429926,12
greedy,21,0.0,0,True,6,20,235.17010183295776,11
greedy,22,0.0,0,True,10,20,400.7254836334412,11
greedy,23,0.0,0,True,7,20,284.7505149211843,11
greedy,24,0.0,0,True,8,20,327.672134371951,9
greedy,25,0.0,0,True,8,20,326.45960733499146,10
greedy,26,0.0,0,True,6,20,244.8044777084248,11
greedy,27,0.0,0,True,7,20,281.0669064148477,12
greedy,28,0.0,0,True,6,20,242.7552535186847,11
greedy,29,0.0,0,True,9,20,368.13671478189195,13
fixed_pso,0,0.0,0,True,15,20,610.2629011217749,11
fixed_pso,1,0.0,0,True,8,20,324.76218061151593,11
fixed_pso,2,0.0,0,True,7,20,268.6170757394249,14
fixed_pso,3,0.0,0,True,14,20,557.0985526513896,11
fixed_pso,4,0.0,0,True,9,20,349.6223326500878,13
fixed_pso,5,0.0,0,True,8,20,319.0890846919772,12
fixed_pso,6,0.0,0,True,11,20,444.19462556418046,12
fixed_pso,7,0.0,0,True,8,20,312.2458875520592,12
fixed_pso,8,0.0,0,True,13,20,520.4469185176716,14
fixed_pso,9,0.0,0,True,8,20,316.4371233308164,11
fixed_pso,10,0.0,0,True,12,20,477.69611040514104,12
fixed_pso,11,0.0,0,True,12,20,470.87808675742065,11
fixed_pso,12,0.0,0,True,11,20,447.0603027406213,9
fixed_pso,13,0.0,0,True,12,20,478.43724013961247,13
fixed_pso,14,0.0,0,True,7,20,268.5981491211601,11
fixed_pso,15,0.0,0,True,14,20,553.2940960891751,9
fixed_pso,16,0.0,0,True,11,20,431.1589231282357,12
fixed_pso,17,0.0,0,True,8,20,304.95524368227206,11
fixed_pso,18,0.0,0,True,13,20,522.7303442596736,10
fixed_pso,19,0.0,0,True,11,20,446.84812264920714,9
fixed_pso,20,0.0,0,True,10,20,403.04351990849045,11
fixed_pso,21,0.0,0,True,6,20,234.21353859617585,12
fixed_pso,22,0.0,0,True,11,20,431.8273891298273,12
fixed_pso,23,0.0,0,True,8,20,315.73193193737427,12
fixed_pso,24,0.0,0,True,12,20,478.36205167948793,10
fixed_pso,25,0.0,0,True,8,20,310.79488307280127,11
fixed_pso,26,0.0,0,True,6,20,236.89101701111846,11
fixed_pso,27,0.0,0,True,9,20,350.50035833413904,11
fixed_pso,28,0.0,0,True,10,20,397.0373981400398,12
fixed_pso,29,0.0,0,True,9,20,358.69368566138337,10
dynamic_pso,0,0.0,0,True,15,20,605.8300912157504,11
dynamic_pso,1,0.0,0,True,10,20,396.98407625702794,10
dynamic_pso,2,0.0,0,True,7,20,263.35347855204157,14
dynamic_pso,3,0.0,0,True,15,20,590.9005025332636,10
dynamic_pso,4,0.0,0,True,9,20,348.08221012930983,13
dynamic_pso,5,0.0,0,True,8,20,307.91189455727624,12
dynamic_pso,6,0.0,0,True,11,20,432.77927604534995,13
dynamic_pso,7,0.0,0,True,9,20,346.5844161326442,13
dynamic_pso,8,0.0,0,True,14,20,552.5946957710701,12
dynamic_pso,9,0.0,0,True,10,20,390.0449977621038,11
dynamic_pso,10,0.0,0,True,12,20,473.6567243466218,12
dynamic_pso,11,0.0,0,True,12,20,466.21460671257694,11
dynamic_pso,12,0.0,0,True,10,20,396.73913691913486,9
dynamic_pso,13,0.0,0,True,12,20,472.336947714704,13
dynamic_pso,14,0.0,0,True,7,20,266.5354029368625,11
dynamic_pso,15,0.0,0,True,14,20,546.5125723447816,10
dynamic_pso,16,0.0,0,True,11,20,429.7130269983379,12
dynamic_pso,17,0.0,0,True,8,20,300.9965519715706,12
dynamic_pso,18,0.0,0,True,13,20,524.0620590122933,11
dynamic_pso,19,0.0,0,True,12,20,479.4884848613934,9
dynamic_pso,20,0.0,0,True,10,20,399.81902993026546,11
dynamic_pso,21,0.0,0,True,6,20,229.31945309840174,11
dynamic_pso,22,0.0,0,True,11,20,427.1112114239874,13
dynamic_pso,23,0.0,0,True,9,20,354.0928957676008,12
dynamic_pso,24,0.0,0,True,12,20,473.16070308562064,9
dynamic_pso,25,0.0,0,True,8,20,303.6510576375283,11
dynamic_pso,26,0.0,0,True,6,20,235.3802740470153,13
dynamic_pso,27,0.0,0,True,10,20,385.27152344778716,10
dynamic_pso,28,0.0,0,True,8,20,313.6397083347382,12
dynamic_pso,29,0.0,0,True,10,20,394.18882998016466,10
greedy,0,0.2,3,True,12,20,416.1673493232973,9
greedy,1,0.2,3,True,8,20,287.8247590081606,11
greedy,2,0.2,3,True,6,20,213.213277748346,13
greedy,3,0.2,3,True,9,20,315.9047919646601,12
greedy,4,0.2,3,True,9,20,305.43384020141207,12
greedy,5,0.2,3,True,6,20,215.33558540727137,11
greedy,6,0.2,3,True,11,20,379.627636614247,10
greedy,7,0.2,3,True,7,20,250.9092798427734,12
greedy,8,0.2,3,True,10,20,353.04442572672656,10
greedy,9,0.2,3,True,9,20,317.9437033454591,9
greedy,10,0.2,3,True,11,20,383.3435048666219,8
greedy,11,0.2,3,True,10,20,350.1742017650363,11
greedy,12,0.2,3,True,12,20,418.123590848092,8
greedy,13,0.2,3,True,11,20,379.81116138471685,13
greedy,14,0.2,3,True,10,20,346.7990499870724,11
greedy,15,0.2,3,True,14,20,479.25390316505116,11
greedy,16,0.2,3,True,8,20,283.4910865850838,11
greedy,17,0.2,3,True,6,20,217.7948135535976,10
greedy,18,0.2,3,True,11,20,381.71524707127304,11
greedy,19,0.2,3,True,10,20,348.90261575199804,9
greedy,20,0.2,3,True,9,20,317.88431546408594,12
greedy,21,0.2,3,True,22,20,735.9133340343851,11
greedy,22,0.2,3,True,10,20,346.58283160257463,11
greedy,23,0.2,3,True,7,20,251.87154906593193,10
greedy,24,0.2,3,True,8,20,287.1209452263072,9
greedy,25,0.2,3,True,8,20,284.4596073349915,10
greedy,26,0.2,3,True,6,20,217.43938947195508,13
greedy,27,0.2,3,True,7,20,247.0477210382025,12
greedy,28,0.2,3,True,6,20,219.34839868644752,12
greedy,29,0.2,3,True,9,20,317.93801463883955,12
fixed_pso,0,0.2,3,True,13,20,448.0085007235841,10
fixed_pso,1,0.2,3,True,9,20,310.9876692220444,10
fixed_pso,2,0.2,3,True,12,20,403.05640527017283,13
fixed_pso,3,0.2,3,True,13,20,431.14497454277307,12
fixed_pso,4,0.2,3,True,12,20,397.9573113054583,13
fixed_pso,5,0.2,3,True,8,20,276.4019457779564,12
fixed_pso,6,0.2,3,True,11,20,373.5503509987266,10
fixed_pso,7,0.2,3,True,8,20,269.7137380155495,13
fixed_pso,8,0.2,3,True,12,20,403.96182383773436,12
fixed_pso,9,0.2,3,True,16,20,550.5385912342949,10
fixed_pso,10,0.2,3,True,12,20,407.77154418816247,11
fixed_pso,11,0.2,3,True,13,20,429.11825701184205,11
fixed_pso,12,0.2,3,True,13,20,448.6158773345876,9
fixed_pso,13,0.2,3,True,11,20,373.71258872812496,11
fixed_pso,14,0.2,3,True,10,20,336.38749648162553,11
fixed_pso,15,0.2,3,True,14,20,465.00141292475666,10
fixed_pso,16,0.2,3,True,11,20,368.868727326595,11
fixed_pso,17,0.2,3,True,8,20,268.54846275969135,10
fixed_pso,18,0.2,3,True,12,20,409.4961480483754,10
fixed_pso,19,0.2,3,True,11,20,376.6705137178842,8
fixed_pso,20,0.2,3,True,10,20,344.87316551113594,10
fixed_pso,21,0.2,3,True,22,20,741.4441922479471,12
fixed_pso,22,0.2,3,True,10,20,341.88237538880514,11
fixed_pso,23,0.2,3,True,8,20,271.06066573878167,11
fixed_pso,24,0.2,3,True,12,20,406.03252560914484,8
fixed_pso,25,0.2,3,True,7,20,235.23068603203276,12
fixed_pso,26,0.2,3,True,6,20,212.51217460207943,12
fixed_pso,27,0.2,3,True,9,20,304.6980276905331,10
fixed_pso,28,0.2,3,True,8,20,278.2031236166173,11
fixed_pso,29,0.2,3,True,11,20,374.3956192712996,12
dynamic_pso,0,0.2,3,True,13,20,444.04103302557553,10
dynamic_pso,1,0.2,3,True,9,20,306.8862935638303,10
dynamic_pso,2,0.2,3,True,11,20,371.5681509114723,13
dynamic_pso,3,0.2,3,True,12,20,400.02919155436643,11
dynamic_pso,4,0.2,3,True,11,20,367.2700800369941,13
dynamic_pso,5,0.2,3,True,8,20,272.16844803092977,12
dynamic_pso,6,0.2,3,True,11,20,367.4278609476996,11
dynamic_pso,7,0.2,3,True,7,20,234.89001561063031,13
dynamic_pso,8,0.2,3,True,14,20,467.644381495827,12
dynamic_pso,9,0.2,3,True,17,20,576.7503329934833,10
dynamic_pso,10,0.2,3,True,12,20,405.5546819669577,11
dynamic_pso,11,0.2,3,True,13,20,424.6145777315982,11
dynamic_pso,12,0.2,3,True,13,20,445.31499552488833,9
dynamic_pso,13,0.2,3,True,11,20,366.75940212261673,11
dynamic_pso,14,0.2,3,True,10,20,334.2494990773525,11
dynamic_pso,15,0.2,3,True,14,20,464.41795895978566,10
dynamic_pso,16,0.2,3,True,11,20,365.2382570892504,11
dynamic_pso,17,0.2,3,True,8,20,266.5232485002199,11
dynamic_pso,18,0.2,3,True,12,20,406.33763726538643,11
dynamic_pso,19,0.2,3,True,11,20,370.66556047170735,9
dynamic_pso,20,0.2,3,True,9,20,302.9221734744195,10
dynamic_pso,21,0.2,3,True,22,20,738.217687882339,12
dynamic_pso,22,0.2,3,True,10,20,338.9260307457884,11
dynamic_pso,23,0.2,3,True,8,20,269.75473006745796,12
dynamic_pso,24,0.2,3,True,12,20,403.3582869983561,8
dynamic_pso,25,0.2,3,True,7,20,231.7915788172497,12
dynamic_pso,26,0.2,3,True,6,20,207.67071040767806,12
dynamic_pso,27,0.2,3,True,9,20,302.01009807385736,10
dynamic_pso,28,0.2,3,True,8,20,275.6772484096138,10
dynamic_pso,29,0.2,3,True,11,20,370.6135860495031,13
greedy,0,0.4,6,True,12,20,343.6343002764946,8
greedy,1,0.4,6,True,10,20,293.2402128545306,12
greedy,2,0.4,6,True,6,20,188.52821698404034,14
greedy,3,0.4,6,True,9,20,265.5047919646601,12
greedy,4,0.4,6,True,9,20,254.2190929050726,12
greedy,5,0.4,6,True,9,20,264.91760614813813,12
greedy,6,0.4,6,True,13,20,368.0881983619564,10
greedy,7,0.4,6,True,15,20,418.60080560360814,12
greedy,8,0.4,6,True,12,20,345.34262912616396,10
greedy,9,0.4,6,True,10,20,293.906718438389,9
greedy,10,0.4,6,True,11,20,316.4171640842699,10
greedy,11,0.4,6,True,10,20,291.9590439419451,12
greedy,12,0.4,6,True,12,20,342.5957250787498,9
greedy,13,0.4,6,True,11,20,312.55067267500783,14
greedy,14,0.4,6,True,11,20,313.0286587094276,11
greedy,15,0.4,6,True,14,20,386.63193108680207,10
greedy,16,0.4,6,True,13,20,360.15820161871443,12
greedy,17,0.4,6,True,6,20,192.56756458273713,10
greedy,18,0.4,6,True,12,20,340.2143410465563,10
greedy,19,0.4,6,True,12,20,340.666763509013,9
greedy,20,0.4,6,True,17,20,468.50950849168305,11
greedy,21,0.4,6,True,16,20,436.70054527174335,10
greedy,22,0.4,6,True,13,20,364.769383683218,10
greedy,23,0.4,6,True,12,20,343.1848701879279,11
greedy,24,0.4,6,True,10,20,294.69020701781477,11
greedy,25,0.4,6,True,9,20,269.2195173717499,11
greedy,26,0.4,6,True,8,20,245.0901797063706,11
greedy,27,0.4,6,True,8,20,240.43570213523256,11
greedy,28,0.4,6,True,9,20,267.977776027299,12
greedy,29,0.4,6,True,17,20,465.55475154055097,12
fixed_pso,0,0.4,6,True,17,20,462.14788516284756,10
fixed_pso,1,0.4,6,True,12,20,337.3021950788571,12
fixed_pso,2,0.4,6,True,13,20,354.8485971527689,14
fixed_pso,3,0.4,6,True,13,20,348.7306792942584,11
fixed_pso,4,0.4,6,True,8,20,228.07999339253678,12
fixed_pso,5,0.4,6,True,12,20,333.15932291195395,12
fixed_pso,6,0.4,6,True,12,20,340.7905770611446,13
fixed_pso,7,0.4,6,True,18,20,474.9757637732621,12
fixed_pso,8,0.4,6,True,15,20,404.20866078193626,12
fixed_pso,9,0.4,6,True,14,20,383.5493609292548,10
fixed_pso,10,0.4,6,True,13,20,359.38962032982147,12
fixed_pso,11,0.4,6,True,12,20,320.61799020444795,11
fixed_pso,12,0.4,6,True,9,20,263.4915142833654,11
fixed_pso,13,0.4,6,True,11,20,303.86911146226186,12
fixed_pso,14,0.4,6,True,9,20,254.42513244291044,12
fixed_pso,15,0.4,6,True,14,20,373.7896573891774,11
fixed_pso,16,0.4,6,True,11,20,303.0707372436801,12
fixed_pso,17,0.4,6,True,9,20,245.15294097212535,12
fixed_pso,18,0.4,6,True,17,20,461.25214346535427,11
fixed_pso,19,0.4,6,True,14,20,386.1505184515037,9
fixed_pso,20,0.4,6,True,22,20,589.2114249526376,9
fixed_pso,21,0.4,6,True,19,20,503.38268739650005,11
fixed_pso,22,0.4,6,True,14,20,382.50072770372174,12
fixed_pso,23,0.4,6,True,10,20,280.1075887291024,12
fixed_pso,24,0.4,6,True,17,20,453.30764983796985,11
fixed_pso,25,0.4,6,True,11,20,302.4989540796261,12
fixed_pso,26,0.4,6,True,10,20,287.073159924592,12
fixed_pso,27,0.4,6,True,9,20,249.44746170191542,13
fixed_pso,28,0.4,6,True,11,20,305.3730273606428,12
fixed_pso,29,0.4,6,True,23,20,611.2507546555172,12
dynamic_pso,0,0.4,6,True,17,20,454.8888516213675,10
dynamic_pso,1,0.4,6,True,12,20,334.41262691406587,12
dynamic_pso,2,0.4,6,True,14,20,367.18438864566224,14
dynamic_pso,3,0.4,6,True,11,20,300.42908158306483,11
dynamic_pso,4,0.4,6,True,9,20,250.19513640674086,13
dynamic_pso,5,0.4,6,True,12,20,330.67960903693086,12
dynamic_pso,6,0.4,6,True,12,20,338.9156171128903,13
dynamic_pso,7,0.4,6,True,19,20,491.4789500069001,12
dynamic_pso,8,0.4,6,True,15,20,401.55637994957056,12
dynamic_pso,9,0.4,6,True,11,20,310.1999304920842,10
dynamic_pso,10,0.4,6,True,13,20,354.7333077701826,11
dynamic_pso,11,0.4,6,True,12,20,315.490235402495,11
dynamic_pso,12,0.4,6,True,9,20,260.5963161539019,11
dynamic_pso,13,0.4,6,True,11,20,298.02449626977364,12
dynamic_pso,14,0.4,6,True,9,20,253.03347743642564,12
dynamic_pso,15,0.4,6,True,14,20,372.2228650089229,10
dynamic_pso,16,0.4,6,True,11,20,300.57494576584594,12
dynamic_pso,17,0.4,6,True,7,20,201.13125518397658,11
dynamic_pso,18,0.4,6,True,17,20,457.18155310917416,11
dynamic_pso,19,0.4,6,True,14,20,383.91178250407035,8
dynamic_pso,20,0.4,6,True,20,20,537.6794948268506,9
dynamic_pso,21,0.4,6,True,19,20,499.82905508873336,12
dynamic_pso,22,0.4,6,True,14,20,379.6609590922165,12
dynamic_pso,23,0.4,6,True,11,20,299.9414798961186,11
dynamic_pso,24,0.4,6,True,19,20,492.1869007804854,11
dynamic_pso,25,0.4,6,True,11,20,297.02377013850855,12
dynamic_pso,26,0.4,6,True,11,20,299.5549161868187,11
dynamic_pso,27,0.4,6,True,9,20,244.52834804951505,12
dynamic_pso,28,0.4,6,True,10,20,278.7810402454974,11
dynamic_pso,29,0.4,6,True,23,20,605.776232599045,12
greedy,0,0.6,9,True,15,20,318.7483191123164,9
greedy,1,0.6,9,True,9,20,219.1278785720751,12
greedy,2,0.6,9,True,9,20,212.38134896759837,12
greedy,3,0.6,9,True,9,20,215.43663855928372,12
greedy,4,0.6,9,True,15,20,307.8441580546994,12
greedy,5,0.6,9,True,11,20,246.88369883372954,11
greedy,6,0.6,9,True,11,20,249.2589176089093,13
greedy,7,0.6,9,True,7,20,184.44760864781222,12
greedy,8,0.6,9,True,15,20,319.86577246378204,10
greedy,9,0.6,9,True,10,20,234.58317771511818,9
greedy,10,0.6,9,True,11,20,249.61371403415902,11
greedy,11,0.6,9,True,13,20,285.50118567371936,12
greedy,12,0.6,9,True,14,20,301.8132981647328,10
greedy,13,0.6,9,True,11,20,245.4602731762178,13
greedy,14,0.6,9,True,11,20,246.07922144451095,11
greedy,15,0.6,9,True,14,20,290.6098795714138,10
greedy,16,0.6,9,True,9,20,213.69174576443095,12
greedy,17,0.6,9,True,6,20,167.7555588222337,10
greedy,18,0.6,9,True,16,20,330.48926809080274,11
greedy,19,0.6,9,True,17,20,342.93702263079706,9
greedy,20,0.6,9,True,9,20,217.99271449265694,12
greedy,21,0.6,9,True,16,20,327.9921414154035,10
greedy,22,0.6,9,True,17,20,342.80612851440253,11
greedy,23,0.6,9,True,12,20,269.2802586480644,11
greedy,24,0.6,9,True,11,20,252.32967042487996,10
greedy,25,0.6,9,True,9,20,216.53295635908853,11
greedy,26,0.6,9,True,10,20,236.79069393727383,11
greedy,27,0.6,9,True,10,20,232.03570213523255,11
greedy,28,0.6,9,True,13,20,286.4127083015375,12
greedy,29,0.6,9,True,10,20,231.43544864880374,12
fixed_pso,0,0.6,9,True,17,20,345.88366758808763,11
fixed_pso,1,0.6,9,True,12,20,263.7388752477152,10
fixed_pso,2,0.6,9,True,13,20,271.24776520738664,12
fixed_pso,3,0.6,9,True,12,20,254.5164748340475,11
fixed_pso,4,0.6,9,True,14,20,283.4081769981224,12
fixed_pso,5,0.6,9,True,14,20,281.6666543129225,12
fixed_pso,6,0.6,9,True,11,20,242.61891445251632,14
fixed_pso,7,0.6,9,True,12,20,251.06638427903496,13
fixed_pso,8,0.6,9,True,16,20,325.1567258708335,13
fixed_pso,9,0.6,9,True,15,20,310.9877074269832,11
fixed_pso,10,0.6,9,True,13,20,271.30571334483915,12
fixed_pso,11,0.6,9,True,20,20,379.6033978549377,11
fixed_pso,12,0.6,9,True,17,20,345.22691592553457,9
fixed_pso,13,0.6,9,True,12,20,256.11661774879894,10
fixed_pso,14,0.6,9,True,11,20,234.12690016495878,11
fixed_pso,15,0.6,9,True,14,20,275.3756965624117,9
fixed_pso,16,0.6,9,True,12,20,250.25641300763823,12
fixed_pso,17,0.6,9,True,12,20,250.30403472541047,12
fixed_pso,18,0.6,9,True,17,20,347.57601476723283,10
fixed_pso,19,0.6,9,True,24,20,465.9433347652759,10
fixed_pso,20,0.6,9,True,13,20,282.14668626104685,10
fixed_pso,21,0.6,9,True,15,20,303.9121379870783,11
fixed_pso,22,0.6,9,True,19,20,371.24956340357596,11
fixed_pso,23,0.6,9,True,16,20,322.8863651097552,9
fixed_pso,24,0.6,9,True,15,20,308.5699133744422,9
fixed_pso,25,0.6,9,True,10,20,216.63044364435265,13
fixed_pso,26,0.6,9,True,11,20,240.47531225588082,11
fixed_pso,27,0.6,9,True,15,20,305.7255745332635,12
fixed_pso,28,0.6,9,True,14,20,290.2060445549216,13
fixed_pso,29,0.6,9,True,11,20,243.0934108842105,10
dynamic_pso,0,0.6,9,True,18,20,358.44773544662183,10
dynamic_pso,1,0.6,9,True,11,20,244.73671135289345,10
dynamic_pso,2,0.6,9,True,13,20,271.5002880898277,12
dynamic_pso,3,0.6,9,True,12,20,253.1211364856936,11
dynamic_pso,4,0.6,9,True,14,20,278.61866997862194,13
dynamic_pso,5,0.6,9,True,14,20,275.0271730367855,12
dynamic_pso,6,0.6,9,True,11,20,240.99216710724053,14
dynamic_pso,7,0.6,9,True,12,20,247.5460317117936,13
dynamic_pso,8,0.6,9,True,18,20,356.1611795247625,13
dynamic_pso,9,0.6,9,True,15,20,309.5538160427976,11
dynamic_pso,10,0.6,9,True,13,20,270.02981080648067,12
dynamic_pso,11,0.6,9,True,20,20,377.1563014058857,11
dynamic_pso,12,0.6,9,True,17,20,337.8295908735552,9
dynamic_pso,13,0.6,9,True,11,20,234.9948407246818,10
dynamic_pso,14,0.6,9,True,11,20,234.8391593056431,11
dynamic_pso,15,0.6,9,True,14,20,279.35988807010256,9
dynamic_pso,16,0.6,9,True,14,20,277.51058207868914,12
dynamic_pso,17,0.6,9,True,12,20,247.87700729528598,11
dynamic_pso,18,0.6,9,True,18,20,359.203099178487,10
dynamic_pso,19,0.6,9,True,24,20,462.7553441382775,10
dynamic_pso,20,0.6,9,True,13,20,280.27051352633515,10
dynamic_pso,21,0.6,9,True,14,20,288.5345628442163,11
dynamic_pso,22,0.6,9,True,19,20,366.71177977491845,11
dynamic_pso,23,0.6,9,True,16,20,316.6587607822265,9
dynamic_pso,24,0.6,9,True,16,20,314.73161163974555,10
dynamic_pso,25,0.6,9,True,9,20,200.23776858849527,12
dynamic_pso,26,0.6,9,True,11,20,237.8280556869972,10
dynamic_pso,27,0.6,9,True,15,20,302.5708184183643,12
dynamic_pso,28,0.6,9,True,14,20,285.0415073038716,12
dynamic_pso,29,0.6,9,True,11,20,240.96961122015549,10
