seed,algorithm,num_agents,num_tasks,obstacle_density,success,iterations,total_distance,productive_agents,blocked_moves,redundant_target_ratio,runtime_seconds
0,manhattan_greedy,15,20,0.2,1,39,561.0,11,24,0.717948717948718,0.2886427429984906
0,path_cost_greedy,15,20,0.2,1,32,467.0,12,13,0.6979166666666666,6.438673037999251
0,hungarian_astar,15,20,0.2,1,28,221.0,14,0,0.0,6.451188835999346
1,manhattan_greedy,15,20,0.2,1,37,541.0,10,14,0.7585585585585586,0.37003963600000134
1,path_cost_greedy,15,20,0.2,1,34,492.0,11,18,0.7215686274509804,5.894506491000357
1,hungarian_astar,15,20,0.2,1,20,195.0,12,1,0.0,5.180085981999582
2,manhattan_greedy,15,20,0.2,1,43,620.0,9,25,0.7395348837209302,0.2601061879977351
2,path_cost_greedy,15,20,0.2,1,41,593.0,9,22,0.7479674796747967,5.305989612999838
2,hungarian_astar,15,20,0.2,1,27,207.0,13,2,0.0,5.043964589996904
3,manhattan_greedy,15,20,0.2,1,30,429.0,12,21,0.7511111111111111,0.1989463030040497
3,path_cost_greedy,15,20,0.2,1,30,423.0,12,27,0.7466666666666667,3.2223516470039613
3,hungarian_astar,15,20,0.2,1,21,163.0,12,0,0.0,2.46347156399861
4,manhattan_greedy,15,20,0.2,1,40,563.0,9,37,0.755,0.23099220200674608
4,path_cost_greedy,15,20,0.2,1,42,597.0,9,33,0.7682539682539683,4.311915997001051
4,hungarian_astar,15,20,0.2,1,27,241.0,13,2,0.0,4.021478830996784
5,manhattan_greedy,15,20,0.2,1,40,577.0,9,23,0.705,0.5144212550003431
5,path_cost_greedy,15,20,0.2,1,40,583.0,9,17,0.7183333333333334,10.016777693999757
5,hungarian_astar,15,20,0.2,1,29,238.0,12,0,0.0,6.634126233999268
6,manhattan_greedy,15,20,0.2,1,36,517.0,12,23,0.7129629629629629,0.23021953600255074
6,path_cost_greedy,15,20,0.2,1,40,577.0,12,23,0.7366666666666667,5.388617580996652
6,hungarian_astar,15,20,0.2,1,29,233.0,13,1,0.0,4.116402428000583
7,manhattan_greedy,15,20,0.2,1,23,338.0,11,7,0.6173913043478261,0.19454252600553446
7,path_cost_greedy,15,20,0.2,1,23,336.0,11,9,0.6173913043478261,4.425457308003388
7,hungarian_astar,15,20,0.2,1,23,158.0,12,1,0.0,3.0851932790028513
8,manhattan_greedy,15,20,0.2,1,47,672.0,9,33,0.7716312056737589,0.4400613510006224
8,path_cost_greedy,15,20,0.2,1,47,672.0,9,33,0.774468085106383,6.178097964999324
8,hungarian_astar,15,20,0.2,1,23,179.0,13,0,0.0,5.8401436080021085
9,manhattan_greedy,15,20,0.2,1,35,505.0,10,20,0.7161904761904762,0.24840507499902742
9,path_cost_greedy,15,20,0.2,1,23,340.0,11,5,0.591304347826087,6.2147374150008545
9,hungarian_astar,15,20,0.2,1,22,169.0,11,1,0.0,4.16777416900004
10,manhattan_greedy,15,20,0.2,1,45,643.0,8,32,0.7866666666666666,0.25990949900005944
10,path_cost_greedy,15,20,0.2,1,45,640.0,8,35,0.7896296296296297,5.336553601002379
10,hungarian_astar,15,20,0.2,1,27,259.0,11,1,0.0,3.465630473998317
11,manhattan_greedy,15,20,0.2,1,50,717.0,12,33,0.764,0.796295050997287
11,path_cost_greedy,15,20,0.2,1,31,452.0,11,13,0.6731182795698925,6.889366356001119
11,hungarian_astar,15,20,0.2,1,27,190.0,12,0,0.0,4.471204403002048
12,manhattan_greedy,15,20,0.2,1,31,430.0,9,35,0.6688172043010753,0.13837896400218597
12,path_cost_greedy,15,20,0.2,1,34,468.0,8,42,0.7274509803921568,4.166027712999494
12,hungarian_astar,15,20,0.2,1,20,212.0,13,0,0.0,3.278640737000387
13,manhattan_greedy,15,20,0.2,1,37,533.0,12,22,0.7441441441441441,0.22611565499391872
13,path_cost_greedy,15,20,0.2,1,48,682.0,12,38,0.8097222222222222,4.057994850001705
13,hungarian_astar,15,20,0.2,1,24,190.0,12,1,0.0,2.8934695520001696
14,manhattan_greedy,15,20,0.2,1,40,561.0,12,39,0.7366666666666667,0.20403826300025685
14,path_cost_greedy,15,20,0.2,1,36,510.0,12,30,0.7240740740740741,3.7531447620058316
14,hungarian_astar,15,20,0.2,1,18,159.0,14,1,0.0,2.656093803998374
15,manhattan_greedy,15,20,0.2,1,31,456.0,11,9,0.7161290322580646,0.19987983199825976
15,path_cost_greedy,15,20,0.2,1,29,426.0,12,9,0.7103448275862069,3.116011978003371
15,hungarian_astar,15,20,0.2,1,22,172.0,13,0,0.0,2.756658480000624
16,manhattan_greedy,15,20,0.2,1,19,273.0,13,12,0.5719298245614035,0.0951530200036359
16,path_cost_greedy,15,20,0.2,1,17,245.0,13,10,0.5098039215686274,2.948444235997158
16,hungarian_astar,15,20,0.2,1,17,146.0,14,0,0.0,3.0540804319971357
17,manhattan_greedy,15,20,0.2,1,33,453.0,10,42,0.7090909090909091,0.2259848069952568
17,path_cost_greedy,15,20,0.2,1,31,423.0,12,42,0.6967741935483871,3.790834940999048
17,hungarian_astar,15,20,0.2,1,26,189.0,14,0,0.0,3.07313937300205
18,manhattan_greedy,15,20,0.2,1,26,375.0,10,15,0.6794871794871795,0.1789421399953426
18,path_cost_greedy,15,20,0.2,1,26,374.0,10,16,0.676923076923077,3.488290710003639
18,hungarian_astar,15,20,0.2,1,22,187.0,12,4,0.0,3.2619905920000747
19,manhattan_greedy,15,20,0.2,1,33,467.0,9,28,0.701010101010101,0.16312571600428782
19,path_cost_greedy,15,20,0.2,1,33,465.0,9,30,0.6868686868686869,4.290550513003836
19,hungarian_astar,15,20,0.2,1,25,216.0,12,2,0.0,3.3763058510012343
20,manhattan_greedy,15,20,0.2,1,27,403.0,11,2,0.6172839506172839,0.12279971299722092
20,path_cost_greedy,15,20,0.2,1,27,402.0,11,3,0.6246913580246913,3.2676453349995427
20,hungarian_astar,15,20,0.2,1,28,222.0,13,0,0.0,3.0752827470059856
21,manhattan_greedy,15,20,0.2,1,53,752.0,9,43,0.769811320754717,0.49367548400186934
21,path_cost_greedy,15,20,0.2,1,45,631.0,8,44,0.7911111111111111,7.530606756001362
21,hungarian_astar,15,20,0.2,1,25,259.0,12,0,0.0,4.088338102999842
22,manhattan_greedy,15,20,0.2,1,21,313.0,10,2,0.6222222222222222,0.07433618199866032
22,path_cost_greedy,15,20,0.2,1,21,311.0,10,4,0.6190476190476191,1.9507498360035243
22,hungarian_astar,15,20,0.2,1,18,173.0,15,0,0.0,1.9491159500030335
23,manhattan_greedy,15,20,0.2,1,26,371.0,12,19,0.6153846153846154,0.08302095399994869
23,path_cost_greedy,15,20,0.2,1,30,444.0,13,6,0.6844444444444444,2.6673552170032053
23,hungarian_astar,15,20,0.2,1,19,175.0,15,0,0.0,2.273511185005191
24,manhattan_greedy,15,20,0.2,1,33,478.0,14,17,0.694949494949495,0.27247981799882837
24,path_cost_greedy,15,20,0.2,1,33,469.0,13,26,0.7232323232323232,3.2392314930038992
24,hungarian_astar,15,20,0.2,1,21,168.0,13,0,0.0,2.5408556510010385
25,manhattan_greedy,15,20,0.2,1,27,394.0,12,11,0.6592592592592592,0.14236988299671793
25,path_cost_greedy,15,20,0.2,1,27,394.0,12,11,0.6962962962962963,2.601767560998269
25,hungarian_astar,15,20,0.2,1,23,166.0,14,3,0.0,2.3133131270005833
26,manhattan_greedy,15,20,0.2,1,36,537.0,9,3,0.7203703703703703,0.1255469300012919
26,path_cost_greedy,15,20,0.2,1,36,533.0,9,7,0.7092592592592593,3.208394565997878
26,hungarian_astar,15,20,0.2,1,30,315.0,12,0,0.0,3.6309148900036234
27,manhattan_greedy,15,20,0.2,1,32,463.0,12,17,0.65625,0.15010943700326607
27,path_cost_greedy,15,20,0.2,1,45,642.0,12,33,0.7881481481481482,3.118313641003624
27,hungarian_astar,15,20,0.2,1,23,195.0,13,0,0.0,2.229789126999094
28,manhattan_greedy,15,20,0.2,1,19,279.0,10,6,0.6666666666666666,0.059884255002543796
28,path_cost_greedy,15,20,0.2,1,19,275.0,11,10,0.6526315789473685,1.6174934200025746
28,hungarian_astar,15,20,0.2,1,15,130.0,13,0,0.0,1.5993526699967333
29,manhattan_greedy,15,20,0.2,1,33,482.0,11,13,0.7212121212121212,0.40506980000645854
29,path_cost_greedy,15,20,0.2,1,33,488.0,12,7,0.7313131313131314,3.686278039996978
29,hungarian_astar,15,20,0.2,1,24,176.0,14,0,0.0,2.9496511350007495
