algorithm,num_agents,num_tasks,seed,success,iterations,total_distance,tasks_completed,productive_agents,unproductive_agents
greedy,5,10,0,True,7,93.93250883746306,10,4,1
greedy,5,10,1,True,11,144.78709595682872,10,5,0
greedy,5,10,2,True,16,217.24375366153404,10,5,0
greedy,5,10,3,True,12,164.58696548285002,10,5,0
greedy,5,10,4,True,14,192.46676938895254,10,3,2
greedy,5,10,5,True,10,132.4947454867892,10,4,1
greedy,5,10,6,True,18,249.19268932402946,10,4,1
greedy,5,10,7,True,25,345.4551430140138,10,5,0
greedy,5,10,8,True,12,166.27878484079184,10,3,2
greedy,5,10,9,True,14,189.39225213206933,10,4,1
greedy,5,10,10,True,8,109.8835672336439,10,4,1
greedy,5,10,11,True,17,231.224913627325,10,4,1
greedy,5,10,12,True,9,118.72739570907058,10,4,1
greedy,5,10,13,True,12,164.58706345065175,10,4,1
greedy,5,10,14,True,19,259.37652316998253,10,3,2
greedy,5,10,15,True,13,178.48271828550452,10,3,2
greedy,5,10,16,True,9,121.6520512935366,10,5,0
greedy,5,10,17,True,32,442.9288889336144,10,4,1
greedy,5,10,18,True,15,204.07748582106603,10,3,2
greedy,5,10,19,True,8,108.45241181359488,10,4,1
greedy,5,10,20,True,15,205.43358518200642,10,4,1
greedy,5,10,21,True,13,177.49034015136374,10,4,1
greedy,5,10,22,True,12,160.64193676581246,10,5,0
greedy,5,10,23,True,6,81.88702494726354,10,5,0
greedy,5,10,24,True,17,232.5751715034043,10,4,1
greedy,5,10,25,True,13,178.75756010221644,10,4,1
greedy,5,10,26,True,23,318.8836865051751,10,4,1
greedy,5,10,27,True,21,284.6167150277424,10,4,1
greedy,5,10,28,True,9,121.49233850520137,10,5,0
greedy,5,10,29,True,23,315.4867933244183,10,5,0
fixed_pso,5,10,0,True,10,134.33652087697433,10,4,1
fixed_pso,5,10,1,True,13,168.86060571964384,10,5,0
fixed_pso,5,10,2,True,19,258.46792621744424,10,5,0
fixed_pso,5,10,3,True,13,180.9667671929484,10,5,0
fixed_pso,5,10,4,True,14,192.10102795820086,10,4,1
fixed_pso,5,10,5,True,13,172.47638553537908,10,5,0
fixed_pso,5,10,6,True,23,316.63365351820624,10,4,1
fixed_pso,5,10,7,True,28,385.02476171477787,10,5,0
fixed_pso,5,10,8,True,13,173.31699308349337,10,3,2
fixed_pso,5,10,9,True,12,165.33066993351665,10,4,1
fixed_pso,5,10,10,True,12,160.08131480438163,10,4,1
fixed_pso,5,10,11,True,18,239.0326475657222,10,4,1
fixed_pso,5,10,12,True,9,116.80725376562151,10,4,1
fixed_pso,5,10,13,True,13,177.22356818007214,10,4,1
fixed_pso,5,10,14,True,20,267.5260542303275,10,4,1
fixed_pso,5,10,15,True,14,186.25010742992842,10,3,2
fixed_pso,5,10,16,True,12,162.8719284641838,10,5,0
fixed_pso,5,10,17,True,35,479.92136009587676,10,4,1
fixed_pso,5,10,18,True,18,240.9598113201062,10,3,2
fixed_pso,5,10,19,True,16,210.39825605478507,10,4,1
fixed_pso,5,10,20,True,15,208.27817058857428,10,4,1
fixed_pso,5,10,21,True,13,170.5931412959385,10,5,0
fixed_pso,5,10,22,True,12,152.33054875457023,10,5,0
fixed_pso,5,10,23,True,9,114.83083279894544,10,4,1
fixed_pso,5,10,24,True,18,247.84310137530258,10,5,0
fixed_pso,5,10,25,True,13,175.03634603098826,10,4,1
fixed_pso,5,10,26,True,27,367.6485157655693,10,4,1
fixed_pso,5,10,27,True,20,271.6942975588655,10,5,0
fixed_pso,5,10,28,True,10,133.08045005148008,10,5,0
fixed_pso,5,10,29,True,24,327.3586630023737,10,5,0
dynamic_pso,5,10,0,True,10,132.18026507769144,10,4,1
dynamic_pso,5,10,1,True,13,171.08977474254795,10,5,0
dynamic_pso,5,10,2,True,18,240.58301266633117,10,5,0
dynamic_pso,5,10,3,True,13,179.15657913764454,10,5,0
dynamic_pso,5,10,4,True,14,191.11434488596694,10,5,0
dynamic_pso,5,10,5,True,13,171.0087912799466,10,5,0
dynamic_pso,5,10,6,True,22,300.99974554819187,10,4,1
dynamic_pso,5,10,7,True,28,381.9544754899424,10,5,0
dynamic_pso,5,10,8,True,13,172.053020729494,10,3,2
dynamic_pso,5,10,9,True,12,165.17942802025993,10,4,1
dynamic_pso,5,10,10,True,12,158.41332902952647,10,4,1
dynamic_pso,5,10,11,True,18,237.086600563573,10,4,1
dynamic_pso,5,10,12,True,9,115.79448867898031,10,4,1
dynamic_pso,5,10,13,True,14,187.32595615432416,10,4,1
dynamic_pso,5,10,14,True,20,265.15648970299566,10,4,1
dynamic_pso,5,10,15,True,14,185.56178769324475,10,3,2
dynamic_pso,5,10,16,True,13,172.2943783528819,10,5,0
dynamic_pso,5,10,17,True,35,478.7061786773044,10,4,1
dynamic_pso,5,10,18,True,18,240.10347066660012,10,3,2
dynamic_pso,5,10,19,True,16,210.12950483355115,10,4,1
dynamic_pso,5,10,20,True,16,218.6858883743239,10,4,1
dynamic_pso,5,10,21,True,13,169.46284332683905,10,5,0
dynamic_pso,5,10,22,True,10,123.8393303671161,10,5,0
dynamic_pso,5,10,23,True,9,115.33891043364297,10,5,0
dynamic_pso,5,10,24,True,18,246.42596345824603,10,5,0
dynamic_pso,5,10,25,True,13,174.2413436699498,10,4,1
dynamic_pso,5,10,26,True,27,366.26706704551134,10,4,1
dynamic_pso,5,10,27,True,14,185.17660325045912,10,5,0
dynamic_pso,5,10,28,True,10,132.2280587794667,10,5,0
dynamic_pso,5,10,29,True,24,326.3806847420767,10,5,0
greedy,10,10,0,True,8,220.71985522412072,10,7,3
greedy,10,10,1,True,12,327.26568037689924,10,6,4
greedy,10,10,2,True,8,220.7959753863448,10,7,3
greedy,10,10,3,True,9,250.20231070176513,10,8,2
greedy,10,10,4,True,9,245.99972001583686,10,6,4
greedy,10,10,5,True,7,187.81608870288363,10,7,3
greedy,10,10,6,True,6,166.97039270549197,10,7,3
greedy,10,10,7,True,7,194.20461594783453,10,5,5
greedy,10,10,8,True,5,133.29179699492536,10,5,5
greedy,10,10,9,True,5,133.41593309942544,10,9,1
greedy,10,10,10,True,11,301.01840964417437,10,5,5
greedy,10,10,11,True,7,185.27369897551836,10,8,2
greedy,10,10,12,True,6,165.20561108727796,10,6,4
greedy,10,10,13,True,8,214.13667773493486,10,7,3
greedy,10,10,14,True,13,361.39674896656794,10,6,4
greedy,10,10,15,True,8,212.85023537869904,10,6,4
greedy,10,10,16,True,8,215.82507091983715,10,5,5
greedy,10,10,17,True,13,363.19757373030353,10,5,5
greedy,10,10,18,True,8,223.16532111036562,10,5,5
greedy,10,10,19,True,8,220.217749781336,10,7,3
greedy,10,10,20,True,6,163.50712942916957,10,6,4
greedy,10,10,21,True,7,190.62474874003902,10,5,5
greedy,10,10,22,True,6,160.33454475676993,10,7,3
greedy,10,10,23,True,8,214.66398539692366,10,6,4
greedy,10,10,24,True,11,301.69658049057887,10,6,4
greedy,10,10,25,True,10,277.80044332506856,10,6,4
greedy,10,10,26,True,4,104.88789026504284,10,7,3
greedy,10,10,27,True,6,162.6079047935948,10,8,2
greedy,10,10,28,True,6,163.54406388603124,10,6,4
greedy,10,10,29,True,7,192.59127775399733,10,8,2
fixed_pso,10,10,0,True,8,217.0529226001094,10,7,3
fixed_pso,10,10,1,True,13,352.21330784721,10,7,3
fixed_pso,10,10,2,True,11,295.0982987683584,10,8,2
fixed_pso,10,10,3,True,9,242.73032302443235,10,7,3
fixed_pso,10,10,4,True,9,245.87585991097816,10,6,4
fixed_pso,10,10,5,True,7,184.4821935483464,10,7,3
fixed_pso,10,10,6,True,8,210.76035260900545,10,7,3
fixed_pso,10,10,7,True,7,189.22817688767188,10,6,4
fixed_pso,10,10,8,True,6,154.2024667380068,10,9,1
fixed_pso,10,10,9,True,6,158.67449730076518,10,9,1
fixed_pso,10,10,10,True,13,356.1795431957973,10,6,4
fixed_pso,10,10,11,True,7,187.20669772368063,10,8,2
fixed_pso,10,10,12,True,8,217.96676561008593,10,6,4
fixed_pso,10,10,13,True,8,211.8964171863107,10,7,3
fixed_pso,10,10,14,True,15,408.84783272670944,10,6,4
fixed_pso,10,10,15,True,8,210.900665675219,10,7,3
fixed_pso,10,10,16,True,8,210.4978869434151,10,7,3
fixed_pso,10,10,17,True,12,319.4004171006717,10,8,2
fixed_pso,10,10,18,True,10,268.963629334876,10,6,4
fixed_pso,10,10,19,True,10,261.0735893633555,10,7,3
fixed_pso,10,10,20,True,6,160.9676103215261,10,7,3
fixed_pso,10,10,21,True,8,212.2989330687576,10,6,4
fixed_pso,10,10,22,True,7,184.34348028006772,10,7,3
fixed_pso,10,10,23,True,8,207.70887061295682,10,5,5
fixed_pso,10,10,24,True,14,377.1919819866662,10,7,3
fixed_pso,10,10,25,True,12,321.04631733933104,10,8,2
fixed_pso,10,10,26,True,7,184.3477056440938,10,8,2
fixed_pso,10,10,27,True,6,163.8317020014134,10,7,3
fixed_pso,10,10,28,True,6,163.27674668873996,10,7,3
fixed_pso,10,10,29,True,8,211.9449751566511,10,8,2
dynamic_pso,10,10,0,True,8,216.63410055537926,10,7,3
dynamic_pso,10,10,1,True,12,323.3993940476006,10,6,4
dynamic_pso,10,10,2,True,11,291.1157685371207,10,8,2
dynamic_pso,10,10,3,True,9,241.7458836390599,10,7,3
dynamic_pso,10,10,4,True,9,243.47137644699902,10,6,4
dynamic_pso,10,10,5,True,9,235.3750659264682,10,7,3
dynamic_pso,10,10,6,True,9,239.56124203367654,10,7,3
dynamic_pso,10,10,7,True,8,213.63818995558879,10,6,4
dynamic_pso,10,10,8,True,5,127.16066699029788,10,9,1
dynamic_pso,10,10,9,True,6,157.34125499231268,10,9,1
dynamic_pso,10,10,10,True,13,354.5233032723504,10,6,4
dynamic_pso,10,10,11,True,7,186.03053832858748,10,8,2
dynamic_pso,10,10,12,True,8,216.52418690595684,10,6,4
dynamic_pso,10,10,13,True,8,210.84580820875024,10,7,3
dynamic_pso,10,10,14,True,15,405.1401973997265,10,7,3
dynamic_pso,10,10,15,True,8,209.35150729753883,10,7,3
dynamic_pso,10,10,16,True,8,209.49641451028512,10,7,3
dynamic_pso,10,10,17,True,10,267.56219337938586,10,7,3
dynamic_pso,10,10,18,True,10,269.82638424309044,10,6,4
dynamic_pso,10,10,19,True,10,257.57610610188607,10,8,2
dynamic_pso,10,10,20,True,6,160.4363692348736,10,7,3
dynamic_pso,10,10,21,True,8,210.57682484017286,10,6,4
dynamic_pso,10,10,22,True,7,183.5058517519264,10,6,4
dynamic_pso,10,10,23,True,8,206.33960488481063,10,5,5
dynamic_pso,10,10,24,True,12,320.8331903232848,10,7,3
dynamic_pso,10,10,25,True,12,322.61118095113653,10,8,2
dynamic_pso,10,10,26,True,7,183.59838118507875,10,8,2
dynamic_pso,10,10,27,True,6,163.29145546318523,10,7,3
dynamic_pso,10,10,28,True,6,164.29462288067873,10,7,3
dynamic_pso,10,10,29,True,8,210.69670191985756,10,9,1
greedy,15,10,0,True,7,290.1008962123574,10,5,10
greedy,15,10,1,True,4,166.98389134594825,10,7,8
greedy,15,10,2,True,5,203.42925492294344,10,7,8
greedy,15,10,3,True,4,165.59437461363655,10,8,7
greedy,15,10,4,True,8,329.2284905809847,10,9,6
greedy,15,10,5,True,4,163.11419736611117,10,9,6
greedy,15,10,6,True,6,244.62821163003895,10,7,8
greedy,15,10,7,True,6,248.4199202384807,10,7,8
greedy,15,10,8,True,8,332.85697054340966,10,8,7
greedy,15,10,9,True,5,204.26654629258834,10,7,8
greedy,15,10,10,True,8,334.3857838315289,10,6,9
greedy,15,10,11,True,7,288.447176109879,10,8,7
greedy,15,10,12,True,4,165.9806716034383,10,7,8
greedy,15,10,13,True,8,324.62849534455285,10,7,8
greedy,15,10,14,True,4,162.41919907343225,10,8,7
greedy,15,10,15,True,13,535.7784751114075,10,8,7
greedy,15,10,16,True,4,161.17003487179377,10,7,8
greedy,15,10,17,True,3,125.08268165365965,10,7,8
greedy,15,10,18,True,9,376.754949577717,10,7,8
greedy,15,10,19,True,6,247.62964763596779,10,5,10
greedy,15,10,20,True,9,373.7810619471097,10,7,8
greedy,15,10,21,True,5,202.54428071400145,10,7,8
greedy,15,10,22,True,5,204.44015033711247,10,7,8
greedy,15,10,23,True,11,455.73217483134533,10,6,9
greedy,15,10,24,True,7,289.51317017214615,10,6,9
greedy,15,10,25,True,8,329.64860160412974,10,7,8
greedy,15,10,26,True,4,163.70645336885775,10,8,7
greedy,15,10,27,True,4,163.54138331092338,10,9,6
greedy,15,10,28,True,5,202.14285398453111,10,8,7
greedy,15,10,29,True,6,250.1930329409168,10,8,7
fixed_pso,15,10,0,True,7,284.37468591575475,10,6,9
fixed_pso,15,10,1,True,5,196.80553086415244,10,7,8
fixed_pso,15,10,2,True,7,274.57196368239846,10,8,7
fixed_pso,15,10,3,True,4,159.36369859227682,10,8,7
fixed_pso,15,10,4,True,9,366.10053891520045,10,7,8
fixed_pso,15,10,5,True,4,157.1489877896387,10,9,6
fixed_pso,15,10,6,True,7,287.45580773957954,10,8,7
fixed_pso,15,10,7,True,7,286.3110197074741,10,9,6
fixed_pso,15,10,8,True,9,366.55568578774006,10,8,7
fixed_pso,15,10,9,True,8,323.2608470700009,10,8,7
fixed_pso,15,10,10,True,9,372.6243210655939,10,7,8
fixed_pso,15,10,11,True,8,317.33730316008626,10,9,6
fixed_pso,15,10,12,True,5,198.18878264629703,10,8,7
fixed_pso,15,10,13,True,10,406.59731277740906,10,7,8
fixed_pso,15,10,14,True,5,193.03933360314034,10,8,7
fixed_pso,15,10,15,True,13,538.3334627512215,10,7,8
fixed_pso,15,10,16,True,5,202.0111629919605,10,8,7
fixed_pso,15,10,17,True,5,195.35112476770738,10,8,7
fixed_pso,15,10,18,True,9,366.5754193629455,10,6,9
fixed_pso,15,10,19,True,8,327.1562572535327,10,7,8
fixed_pso,15,10,20,True,9,366.4254026187141,10,8,7
fixed_pso,15,10,21,True,6,238.46046000524672,10,7,8
fixed_pso,15,10,22,True,5,196.81656370563212,10,9,6
fixed_pso,15,10,23,True,11,445.328571732097,10,8,7
fixed_pso,15,10,24,True,9,369.18125760678583,10,7,8
fixed_pso,15,10,25,True,7,284.8427768078819,10,9,6
fixed_pso,15,10,26,True,4,158.36541237764047,10,8,7
fixed_pso,15,10,27,True,6,239.68784015073012,10,9,6
fixed_pso,15,10,28,True,6,235.69347189259557,10,8,7
fixed_pso,15,10,29,True,7,286.62856037530554,10,7,8
dynamic_pso,15,10,0,True,7,283.8732238546567,10,6,9
dynamic_pso,15,10,1,True,5,194.71229094417095,10,8,7
dynamic_pso,15,10,2,True,7,272.22267343409163,10,8,7
dynamic_pso,15,10,3,True,4,158.25192553433732,10,8,7
dynamic_pso,15,10,4,True,9,364.8976826779669,10,8,7
dynamic_pso,15,10,5,True,4,156.8559408195631,10,9,6
dynamic_pso,15,10,6,True,7,286.1495841298985,10,8,7
dynamic_pso,15,10,7,True,7,285.1702521126763,10,9,6
dynamic_pso,15,10,8,True,11,446.1489053150356,10,9,6
dynamic_pso,15,10,9,True,8,323.71038044865355,10,8,7
dynamic_pso,15,10,10,True,9,370.928456953019,10,7,8
dynamic_pso,15,10,11,True,8,314.3135080693905,10,8,7
dynamic_pso,15,10,12,True,5,196.58691570601255,10,8,7
dynamic_pso,15,10,13,True,10,405.03126875735165,10,8,7
dynamic_pso,15,10,14,True,5,194.30328478140035,10,8,7
dynamic_pso,15,10,15,True,13,537.33298458321,10,7,8
dynamic_pso,15,10,16,True,5,200.69828196813273,10,8,7
dynamic_pso,15,10,17,True,5,192.8105404215129,10,8,7
dynamic_pso,15,10,18,True,9,364.04841625625045,10,6,9
dynamic_pso,15,10,19,True,8,326.2379990097172,10,7,8
dynamic_pso,15,10,20,True,9,364.3078855285155,10,8,7
dynamic_pso,15,10,21,True,6,238.0341316857883,10,7,8
dynamic_pso,15,10,22,True,5,193.66361432165888,10,8,7
dynamic_pso,15,10,23,True,11,442.6360365107489,10,8,7
dynamic_pso,15,10,24,True,9,366.68133884695385,10,7,8
dynamic_pso,15,10,25,True,7,283.0625101520472,10,9,6
dynamic_pso,15,10,26,True,4,157.25703931880042,10,8,7
dynamic_pso,15,10,27,True,5,199.26548188707505,10,9,6
dynamic_pso,15,10,28,True,6,233.91779533190874,10,8,7
dynamic_pso,15,10,29,True,7,284.54478170214657,10,7,8
greedy,20,10,0,True,6,326.4349857998644,10,8,12
greedy,20,10,1,True,2,110.43342270353372,10,7,13
greedy,20,10,2,True,2,105.17991902405792,10,9,11
greedy,20,10,3,True,7,382.3935446647568,10,7,13
greedy,20,10,4,True,3,154.3942981716077,10,9,11
greedy,20,10,5,True,3,161.390001881516,10,9,11
greedy,20,10,6,True,3,162.6760941258396,10,8,12
greedy,20,10,7,True,3,163.75330866957634,10,9,11
greedy,20,10,8,True,8,440.64181520429906,10,8,12
greedy,20,10,9,True,4,217.64108388939616,10,8,12
greedy,20,10,10,True,5,275.82929362156716,10,7,13
greedy,20,10,11,True,4,218.41111259281897,10,7,13
greedy,20,10,12,True,6,331.5156305183278,10,8,12
greedy,20,10,13,True,7,389.43416188863296,10,6,14
greedy,20,10,14,True,5,268.50876737719886,10,8,12
greedy,20,10,15,True,12,661.5755876147625,10,8,12
greedy,20,10,16,True,3,161.2525353160075,10,10,10
greedy,20,10,17,True,3,164.63359442076919,10,7,13
greedy,20,10,18,True,9,500.23469290423714,10,7,13
greedy,20,10,19,True,5,274.5958431838376,10,6,14
greedy,20,10,20,True,4,220.4756977284519,10,10,10
greedy,20,10,21,True,5,270.7536156846642,10,8,12
greedy,20,10,22,True,5,274.35682130919616,10,8,12
greedy,20,10,23,True,5,278.3116753136968,10,8,12
greedy,20,10,24,True,3,162.67252510241752,10,10,10
greedy,20,10,25,True,4,218.29485469906322,10,8,12
greedy,20,10,26,True,4,220.12725789984444,10,7,13
greedy,20,10,27,True,4,217.95723849996983,10,10,10
greedy,20,10,28,True,6,327.3686461650126,10,8,12
greedy,20,10,29,True,4,217.03375880396604,10,9,11
fixed_pso,20,10,0,True,6,325.24654863629894,10,8,12
fixed_pso,20,10,1,True,3,158.00581626547992,10,9,11
fixed_pso,20,10,2,True,4,206.4132248933673,10,8,12
fixed_pso,20,10,3,True,9,485.9650393937223,10,8,12
fixed_pso,20,10,4,True,3,160.571508369674,10,9,11
fixed_pso,20,10,5,True,4,212.00800646158518,10,9,11
fixed_pso,20,10,6,True,3,159.43752462476368,10,8,12
fixed_pso,20,10,7,True,3,150.7498689944032,10,9,11
fixed_pso,20,10,8,True,8,430.76330816189954,10,8,12
fixed_pso,20,10,9,True,4,209.9907012423963,10,7,13
fixed_pso,20,10,10,True,6,317.1845956482588,10,6,14
fixed_pso,20,10,11,True,5,265.94249157841483,10,8,12
fixed_pso,20,10,12,True,9,486.4667712573087,10,8,12
fixed_pso,20,10,13,True,9,490.92774706460114,10,8,12
fixed_pso,20,10,14,True,5,260.9871518023052,10,7,13
fixed_pso,20,10,15,True,13,709.101862036177,10,8,12
fixed_pso,20,10,16,True,3,153.9044812114029,10,10,10
fixed_pso,20,10,17,True,4,207.49512014590897,10,8,12
fixed_pso,20,10,18,True,11,587.8583454802882,10,8,12
fixed_pso,20,10,19,True,6,317.61767929323935,10,7,13
fixed_pso,20,10,20,True,7,375.30947382672167,10,9,11
fixed_pso,20,10,21,True,5,263.6850937326093,10,9,11
fixed_pso,20,10,22,True,7,374.23392781679985,10,7,13
fixed_pso,20,10,23,True,7,370.855736347638,10,8,12
fixed_pso,20,10,24,True,3,156.02357533866285,10,10,10
fixed_pso,20,10,25,True,4,217.59053848219847,10,8,12
fixed_pso,20,10,26,True,5,262.95150163019747,10,7,13
fixed_pso,20,10,27,True,4,214.24937928135347,10,10,10
fixed_pso,20,10,28,True,6,319.15050543517947,10,8,12
fixed_pso,20,10,29,True,5,261.9517219944884,10,8,12
dynamic_pso,20,10,0,True,6,323.6760936919784,10,8,12
dynamic_pso,20,10,1,True,3,156.5223324213546,10,10,10
dynamic_pso,20,10,2,True,5,258.9232028034102,10,10,10
dynamic_pso,20,10,3,True,10,537.2523974887316,10,8,12
dynamic_pso,20,10,4,True,3,159.50770168325968,10,9,11
dynamic_pso,20,10,5,True,4,209.84842816848686,10,9,11
dynamic_pso,20,10,6,True,3,158.49528087125017,10,8,12
dynamic_pso,20,10,7,True,3,150.10270803529505,10,9,11
dynamic_pso,20,10,8,True,8,431.02507551588394,10,8,12
dynamic_pso,20,10,9,True,4,209.53925336297849,10,7,13
dynamic_pso,20,10,10,True,6,314.2407203178985,10,7,13
dynamic_pso,20,10,11,True,5,262.431861189357,10,8,12
dynamic_pso,20,10,12,True,9,484.55912171251066,10,8,12
dynamic_pso,20,10,13,True,9,487.7691975175635,10,8,12
dynamic_pso,20,10,14,True,6,314.20709551284983,10,8,12
dynamic_pso,20,10,15,True,13,706.2573635055206,10,8,12
dynamic_pso,20,10,16,True,3,152.3342196451352,10,10,10
dynamic_pso,20,10,17,True,4,205.57419907088206,10,8,12
dynamic_pso,20,10,18,True,11,584.1475468997863,10,9,11
dynamic_pso,20,10,19,True,6,316.0592524458091,10,7,13
dynamic_pso,20,10,20,True,7,371.8204119897095,10,9,11
dynamic_pso,20,10,21,True,6,313.815338891109,10,9,11
dynamic_pso,20,10,22,True,6,315.61504756354054,10,7,13
dynamic_pso,20,10,23,True,6,313.21473752280616,10,8,12
dynamic_pso,20,10,24,True,3,155.14394865633733,10,10,10
dynamic_pso,20,10,25,True,4,216.36309114711847,10,8,12
dynamic_pso,20,10,26,True,5,262.0163829413069,10,7,13
dynamic_pso,20,10,27,True,4,213.70985190565125,10,10,10
dynamic_pso,20,10,28,True,6,323.2803956890033,10,9,11
dynamic_pso,20,10,29,True,5,261.00079881925313,10,8,12
greedy,15,20,0,True,12,489.9978327001607,20,9,6
greedy,15,20,1,True,8,329.08069074301534,20,11,4
greedy,15,20,2,True,6,238.41327774834596,20,13,2
greedy,15,20,3,True,9,366.3047919646601,20,12,3
greedy,15,20,4,True,9,355.0190929050725,20,12,3
greedy,15,20,5,True,6,240.53558540727136,20,11,4
greedy,15,20,6,True,10,406.75254966692125,20,11,4
greedy,15,20,7,True,7,283.55463745474975,20,12,3
greedy,15,20,8,True,10,411.53330130678614,20,10,5
greedy,15,20,9,True,7,284.34370334545906,20,9,6
greedy,15,20,10,True,11,446.2369900140091,20,8,7
greedy,15,20,11,True,10,408.9611558258176,20,12,3
greedy,15,20,12,True,12,492.3103569168883,20,9,6
greedy,15,20,13,True,11,446.36285060372626,20,13,2
greedy,15,20,14,True,6,236.0311231833332,20,11,4
greedy,15,20,15,True,14,569.3923366215222,20,10,5
greedy,15,20,16,True,8,321.5725343215938,20,11,4
greedy,15,20,17,True,6,242.7245198290606,20,10,5
greedy,15,20,18,True,9,365.7094463327935,20,11,4
greedy,15,20,19,True,10,409.7525697307253,20,9,6
greedy,15,20,20,True,9,368.1103181429926,20,12,3
greedy,15,20,21,True,6,235.17010183295776,20,11,4
greedy,15,20,22,True,10,400.7254836334412,20,11,4
greedy,15,20,23,True,7,284.7505149211843,20,11,4
greedy,15,20,24,True,8,327.672134371951,20,9,6
greedy,15,20,25,True,8,326.45960733499146,20,10,5
greedy,15,20,26,True,6,244.8044777084248,20,11,4
greedy,15,20,27,True,7,281.0669064148477,20,12,3
greedy,15,20,28,True,6,242.7552535186847,20,11,4
greedy,15,20,29,True,9,368.13671478189195,20,13,2
fixed_pso,15,20,0,True,12,492.26858185324454,20,10,5
fixed_pso,15,20,1,True,9,358.34827213899746,20,13,2
fixed_pso,15,20,2,True,7,269.21963585719135,20,13,2
fixed_pso,15,20,3,True,17,689.3953963622711,20,12,3
fixed_pso,15,20,4,True,8,315.0992271849642,20,13,2
fixed_pso,15,20,5,True,7,277.4215640619026,20,12,3
fixed_pso,15,20,6,True,10,401.8250182752319,20,12,3
fixed_pso,15,20,7,True,7,273.4302652170151,20,13,2
fixed_pso,15,20,8,True,12,478.99045380955374,20,12,3
fixed_pso,15,20,9,True,7,283.56288199733626,20,10,5
fixed_pso,15,20,10,True,11,443.5797973701068,20,10,5
fixed_pso,15,20,11,True,9,342.74916205304015,20,11,4
fixed_pso,15,20,12,True,10,399.78857653760787,20,11,4
fixed_pso,15,20,13,True,10,399.07925992394775,20,12,3
fixed_pso,15,20,14,True,6,228.89403302008463,20,11,4
fixed_pso,15,20,15,True,14,556.1373974155197,20,11,4
fixed_pso,15,20,16,True,8,304.14926515946297,20,12,3
fixed_pso,15,20,17,True,7,276.4922652737932,20,10,5
fixed_pso,15,20,18,True,13,516.6844703710408,20,10,5
fixed_pso,15,20,19,True,10,407.7576245176848,20,10,5
fixed_pso,15,20,20,True,10,394.92704871834115,20,12,3
fixed_pso,15,20,21,True,7,275.64176556846115,20,11,4
fixed_pso,15,20,22,True,11,431.8705995593449,20,13,2
fixed_pso,15,20,23,True,9,357.72110336128077,20,13,2
fixed_pso,15,20,24,True,9,360.084908472599,20,9,6
fixed_pso,15,20,25,True,7,280.4427704952526,20,11,4
fixed_pso,15,20,26,True,6,226.91891601677423,20,11,4
fixed_pso,15,20,27,True,8,315.60030875852834,20,13,2
fixed_pso,15,20,28,True,7,273.4681505568538,20,12,3
fixed_pso,15,20,29,True,12,480.41929218496426,20,11,4
dynamic_pso,15,20,0,True,12,489.52191608855514,20,10,5
dynamic_pso,15,20,1,True,8,317.6671365610356,20,13,2
dynamic_pso,15,20,2,True,7,266.7874063953434,20,13,2
dynamic_pso,15,20,3,True,16,644.699572217548,20,11,4
dynamic_pso,15,20,4,True,8,313.52263717560396,20,13,2
dynamic_pso,15,20,5,True,7,273.8903580252059,20,12,3
dynamic_pso,15,20,6,True,10,399.2066445141913,20,12,3
dynamic_pso,15,20,7,True,7,270.2334965135235,20,13,2
dynamic_pso,15,20,8,True,12,470.13660609721967,20,12,3
dynamic_pso,15,20,9,True,7,286.7899094595094,20,10,5
dynamic_pso,15,20,10,True,11,439.520451314933,20,10,5
dynamic_pso,15,20,11,True,9,335.23840398553943,20,13,2
dynamic_pso,15,20,12,True,10,396.79548114920055,20,11,4
dynamic_pso,15,20,13,True,10,401.6754915236173,20,13,2
dynamic_pso,15,20,14,True,6,225.5312905390881,20,11,4
dynamic_pso,15,20,15,True,14,560.1120917057017,20,11,4
dynamic_pso,15,20,16,True,8,296.16083067259166,20,13,2
dynamic_pso,15,20,17,True,7,273.14634669081846,20,10,5
dynamic_pso,15,20,18,True,11,431.710026825119,20,10,5
dynamic_pso,15,20,19,True,10,401.20858710772416,20,10,5
dynamic_pso,15,20,20,True,10,389.32560027303947,20,12,3
dynamic_pso,15,20,21,True,8,313.83762096159023,20,11,4
dynamic_pso,15,20,22,True,11,428.4005159232388,20,14,1
dynamic_pso,15,20,23,True,9,353.4185455285697,20,12,3
dynamic_pso,15,20,24,True,11,437.032147305303,20,9,6
dynamic_pso,15,20,25,True,8,319.7969111609046,20,10,5
dynamic_pso,15,20,26,True,6,225.27066745252657,20,11,4
dynamic_pso,15,20,27,True,8,311.68788362453955,20,14,1
dynamic_pso,15,20,28,True,7,272.05742740343237,20,12,3
dynamic_pso,15,20,29,True,12,470.07937769988007,20,12,3
greedy,20,20,0,True,8,436.4247782975082,20,11,9
greedy,20,20,1,True,4,216.32932862951895,20,12,8
greedy,20,20,2,True,4,211.36141203223005,20,15,5
greedy,20,20,3,True,14,753.783328392468,20,13,7
greedy,20,20,4,True,7,372.97328980713246,20,11,9
greedy,20,20,5,True,4,211.62943535486315,20,13,7
greedy,20,20,6,True,6,323.9965405359658,20,12,8
greedy,20,20,7,True,7,383.882150737967,20,16,4
greedy,20,20,8,True,9,489.0161581464813,20,13,7
greedy,20,20,9,True,7,380.01970980787627,20,11,9
greedy,20,20,10,True,7,378.4040717503138,20,13,7
greedy,20,20,11,True,5,268.1999802806221,20,14,6
greedy,20,20,12,True,7,382.2353542071734,20,10,10
greedy,20,20,13,True,9,485.6181430605298,20,11,9
greedy,20,20,14,True,6,316.4274550497725,20,14,6
greedy,20,20,15,True,13,715.0676310339776,20,10,10
greedy,20,20,16,True,8,435.39011427033427,20,14,6
greedy,20,20,17,True,4,215.681412544178,20,12,8
greedy,20,20,18,True,10,542.8887495760264,20,10,10
greedy,20,20,19,True,8,438.4049034273738,20,11,9
greedy,20,20,20,True,11,594.968496336532,20,13,7
greedy,20,20,21,True,7,376.50214613260994,20,14,6
greedy,20,20,22,True,10,551.0873781818995,20,13,7
greedy,20,20,23,True,6,324.7062611932607,20,11,9
greedy,20,20,24,True,3,158.52516854278915,20,14,6
greedy,20,20,25,True,4,215.67358354684012,20,12,8
greedy,20,20,26,True,9,490.01923145806705,20,11,9
greedy,20,20,27,True,5,267.9534230958417,20,14,6
greedy,20,20,28,True,8,439.39450215365895,20,13,7
greedy,20,20,29,True,5,264.4790987115039,20,15,5
fixed_pso,20,20,0,True,12,654.5129687991852,20,13,7
fixed_pso,20,20,1,True,6,309.1262759855913,20,14,6
fixed_pso,20,20,2,True,5,252.98711607328352,20,15,5
fixed_pso,20,20,3,True,11,589.9554106967672,20,13,7
fixed_pso,20,20,4,True,8,428.7206646470326,20,13,7
fixed_pso,20,20,5,True,5,248.70194863311931,20,15,5
fixed_pso,20,20,6,True,5,256.09432195012675,20,11,9
fixed_pso,20,20,7,True,9,477.6352293333661,20,17,3
fixed_pso,20,20,8,True,8,414.93845739016564,20,15,5
fixed_pso,20,20,9,True,7,372.08541360845163,20,11,9
fixed_pso,20,20,10,True,9,472.72594304667194,20,13,7
fixed_pso,20,20,11,True,6,314.49081860495033,20,15,5
fixed_pso,20,20,12,True,9,475.76430113168306,20,12,8
fixed_pso,20,20,13,True,11,593.3456636181566,20,11,9
fixed_pso,20,20,14,True,8,416.2938639708856,20,13,7
fixed_pso,20,20,15,True,16,861.8810962581383,20,11,9
fixed_pso,20,20,16,True,8,428.90381253894276,20,14,6
fixed_pso,20,20,17,True,5,260.9254636346093,20,12,8
fixed_pso,20,20,18,True,10,533.3405767945802,20,13,7
fixed_pso,20,20,19,True,10,518.2390867413776,20,10,10
fixed_pso,20,20,20,True,12,647.671811625289,20,14,6
fixed_pso,20,20,21,True,10,526.9746477687487,20,14,6
fixed_pso,20,20,22,True,8,426.4280931452471,20,11,9
fixed_pso,20,20,23,True,7,363.28266297447806,20,13,7
fixed_pso,20,20,24,True,4,200.95194530537037,20,15,5
fixed_pso,20,20,25,True,8,415.6897684289637,20,12,8
fixed_pso,20,20,26,True,9,479.6991967436484,20,13,7
fixed_pso,20,20,27,True,7,370.547788408461,20,15,5
fixed_pso,20,20,28,True,8,423.47051461100796,20,14,6
fixed_pso,20,20,29,True,6,316.2444501925735,20,15,5
dynamic_pso,20,20,0,True,9,484.8985280882515,20,12,8
dynamic_pso,20,20,1,True,6,305.6112273332444,20,14,6
dynamic_pso,20,20,2,True,5,250.49549630805794,20,14,6
dynamic_pso,20,20,3,True,11,588.3670753263353,20,12,8
dynamic_pso,20,20,4,True,8,425.2466365125704,20,13,7
dynamic_pso,20,20,5,True,6,297.3133941491656,20,14,6
dynamic_pso,20,20,6,True,5,254.88567691851682,20,13,7
dynamic_pso,20,20,7,True,9,472.71943861787645,20,17,3
dynamic_pso,20,20,8,True,8,418.2378689012835,20,16,4
dynamic_pso,20,20,9,True,7,363.52065649223664,20,11,9
dynamic_pso,20,20,10,True,9,468.1102025163618,20,13,7
dynamic_pso,20,20,11,True,7,366.54898179308384,20,15,5
dynamic_pso,20,20,12,True,9,470.81445747953,20,12,8
dynamic_pso,20,20,13,True,9,482.29042445599845,20,12,8
dynamic_pso,20,20,14,True,8,410.7737560851466,20,13,7
dynamic_pso,20,20,15,True,16,857.0458720000463,20,11,9
dynamic_pso,20,20,16,True,8,421.9021317284319,20,14,6
dynamic_pso,20,20,17,True,5,256.82176858531216,20,12,8
dynamic_pso,20,20,18,True,10,530.4442331039621,20,12,8
dynamic_pso,20,20,19,True,10,517.4474966214806,20,9,11
dynamic_pso,20,20,20,True,13,695.0383218126043,20,14,6
dynamic_pso,20,20,21,True,10,522.9717670721126,20,14,6
dynamic_pso,20,20,22,True,8,420.91375108548,20,11,9
dynamic_pso,20,20,23,True,7,360.72872656071814,20,13,7
dynamic_pso,20,20,24,True,4,198.0853199309562,20,15,5
dynamic_pso,20,20,25,True,8,415.4263314952526,20,13,7
dynamic_pso,20,20,26,True,9,476.8261859516781,20,13,7
dynamic_pso,20,20,27,True,7,367.4239143803038,20,15,5
dynamic_pso,20,20,28,True,8,419.59566309891056,20,14,6
dynamic_pso,20,20,29,True,6,314.316031233784,20,15,5
greedy,30,30,0,True,7,561.4566232064564,30,20,10
greedy,30,30,1,True,5,405.981854361344,30,21,9
greedy,30,30,2,True,7,557.6716305367327,30,21,9
greedy,30,30,3,True,4,317.6389729277768,30,21,9
greedy,30,30,4,True,9,733.5382985188406,30,19,11
greedy,30,30,5,True,4,316.26953347025227,30,17,13
greedy,30,30,6,True,8,651.9678091416491,30,21,9
greedy,30,30,7,True,4,319.03292382396097,30,19,11
greedy,30,30,8,True,6,478.8518568760541,30,18,12
greedy,30,30,9,True,9,725.2954909223824,30,18,12
greedy,30,30,10,True,11,899.2140836012046,30,19,11
greedy,30,30,11,True,5,399.3224755048754,30,20,10
greedy,30,30,12,True,4,322.69785168846846,30,18,12
greedy,30,30,13,True,7,562.4508371047779,30,18,12
greedy,30,30,14,True,5,398.9720408398128,30,17,13
greedy,30,30,15,True,4,316.90310756795384,30,18,12
greedy,30,30,16,True,7,570.8351531820538,30,17,13
greedy,30,30,17,True,7,562.0828922273506,30,15,15
greedy,30,30,18,True,5,389.2626733562484,30,19,11
greedy,30,30,19,True,14,1138.4582476541766,30,17,13
greedy,30,30,20,True,9,725.484864011363,30,18,12
greedy,30,30,21,True,5,399.18312107366313,30,17,13
greedy,30,30,22,True,7,567.271582172422,30,20,10
greedy,30,30,23,True,9,729.5654140175146,30,19,11
greedy,30,30,24,True,5,396.6442142999461,30,21,9
greedy,30,30,25,True,5,394.4847426267711,30,19,11
greedy,30,30,26,True,7,567.2130200308926,30,18,12
greedy,30,30,27,True,5,407.6093315814004,30,17,13
greedy,30,30,28,True,5,395.5535745348865,30,16,14
greedy,30,30,29,True,7,567.6428655175677,30,22,8
fixed_pso,30,30,0,True,9,711.8505208478712,30,19,11
fixed_pso,30,30,1,True,8,628.1434552162858,30,21,9
fixed_pso,30,30,2,True,8,629.0826287418315,30,22,8
fixed_pso,30,30,3,True,5,369.4854596082619,30,22,8
fixed_pso,30,30,4,True,10,818.9684553245592,30,18,12
fixed_pso,30,30,5,True,5,379.66408652455675,30,19,11
fixed_pso,30,30,6,True,9,717.4435474542715,30,20,10
fixed_pso,30,30,7,True,5,389.4196320059007,30,18,12
fixed_pso,30,30,8,True,7,533.702094488888,30,19,11
fixed_pso,30,30,9,True,6,470.5174418034215,30,19,11
fixed_pso,30,30,10,True,11,892.5162153552617,30,19,11
fixed_pso,30,30,11,True,7,557.3613053669011,30,20,10
fixed_pso,30,30,12,True,6,462.1016947354943,30,22,8
fixed_pso,30,30,13,True,7,539.46845555038,30,20,10
fixed_pso,30,30,14,True,7,554.1422979847174,30,16,14
fixed_pso,30,30,15,True,6,453.63918437296275,30,19,11
fixed_pso,30,30,16,True,7,546.1996084257905,30,22,8
fixed_pso,30,30,17,True,8,613.9238635218456,30,15,15
fixed_pso,30,30,18,True,7,531.6525117051058,30,22,8
fixed_pso,30,30,19,True,12,955.1343939411317,30,18,12
fixed_pso,30,30,20,True,9,716.5215741062195,30,19,11
fixed_pso,30,30,21,True,7,540.8651835307309,30,19,11
fixed_pso,30,30,22,True,7,542.5675396093459,30,24,6
fixed_pso,30,30,23,True,7,548.7749991795569,30,22,8
fixed_pso,30,30,24,True,6,458.33238998828836,30,21,9
fixed_pso,30,30,25,True,6,468.40750624525657,30,21,9
fixed_pso,30,30,26,True,7,554.9442636991228,30,18,12
fixed_pso,30,30,27,True,5,405.11580973719316,30,19,11
fixed_pso,30,30,28,True,6,466.8295515293434,30,17,13
fixed_pso,30,30,29,True,8,633.3990367482405,30,21,9
dynamic_pso,30,30,0,True,9,706.5271169158057,30,19,11
dynamic_pso,30,30,1,True,7,536.8610692471786,30,20,10
dynamic_pso,30,30,2,True,7,540.6848386726622,30,20,10
dynamic_pso,30,30,3,True,5,368.1794060651389,30,23,7
dynamic_pso,30,30,4,True,10,814.8072689750437,30,18,12
dynamic_pso,30,30,5,True,5,373.7031695472293,30,17,13
dynamic_pso,30,30,6,True,8,630.3439255311409,30,21,9
dynamic_pso,30,30,7,True,5,383.6766496389363,30,18,12
dynamic_pso,30,30,8,True,6,447.6214397039932,30,19,11
dynamic_pso,30,30,9,True,6,466.3837712448838,30,18,12
dynamic_pso,30,30,10,True,11,888.0274701039963,30,18,12
dynamic_pso,30,30,11,True,7,550.7263489165176,30,20,10
dynamic_pso,30,30,12,True,6,457.6750988477017,30,22,8
dynamic_pso,30,30,13,True,7,534.6772111011447,30,19,11
dynamic_pso,30,30,14,True,8,632.2438370799181,30,16,14
dynamic_pso,30,30,15,True,7,529.4462494412479,30,21,9
dynamic_pso,30,30,16,True,7,541.0146832395722,30,22,8
dynamic_pso,30,30,17,True,8,605.0063522929015,30,15,15
dynamic_pso,30,30,18,True,7,521.4083112037955,30,23,7
dynamic_pso,30,30,19,True,12,947.2488210935159,30,18,12
dynamic_pso,30,30,20,True,9,704.2877175583592,30,18,12
dynamic_pso,30,30,21,True,7,533.7304914623797,30,19,11
dynamic_pso,30,30,22,True,7,531.4015170570921,30,23,7
dynamic_pso,30,30,23,True,7,543.2090468856313,30,23,7
dynamic_pso,30,30,24,True,7,526.9389186875592,30,22,8
dynamic_pso,30,30,25,True,6,464.2953468570398,30,21,9
dynamic_pso,30,30,26,True,7,548.1995017245373,30,19,11
dynamic_pso,30,30,27,True,5,397.08363695508183,30,19,11
dynamic_pso,30,30,28,True,7,540.5758404202326,30,16,14
dynamic_pso,30,30,29,True,8,629.8250201626739,30,20,10
